name,shares,value,cusip,isin,ticker
Honeywell International Inc,5694942.00000000,1187452356.42000000,438516106,US4385161066,
Discover Financial Services,2425517.00000000,280292744.52000000,254709108,US2547091080,
FMC Corp,1046575.00000000,115008126.75000000,302491303,US3024913036,
Charles River Laboratories International Inc,421794.00000000,158923543.32000000,159864107,US1598641074,
EPAM Systems Inc,471769.00000000,315353988.05000000,29414B104,US29414B1044,
Cisco Systems Inc/Delaware,34896570.00000000,2211395640.90000000,17275R102,US17275R1023,
Albemarle Corp,977586.00000000,228530279.22000000,012653101,US0126531013,
Assurant Inc,461486.00000000,71927207.96000000,04621X108,US04621X1081,
salesforce.com Inc,8099769.00000000,2058394295.97000000,79466L302,US79466L3024,
Penn National Gaming Inc,1371792.00000000,71127415.20000000,707569109,US7075691094,
Intuit Inc,2342891.00000000,1506994349.02000000,461202103,US4612021034,
Dow Inc,6093122.00000000,345601879.84000000,260557103,US2605571031,
L3Harris Technologies Inc,1623911.00000000,346282781.64000000,502431109,US5024311095,
BlackRock Inc,1181515.00000000,1081747873.40000000,09247X101,US09247X1019,
Zebra Technologies Corp,437433.00000000,260360121.60000000,989207105,US9892071054,
United Parcel Service Inc,6033035.00000000,1293120721.90000000,911312106,US9113121068,
Dollar General Corp,1928742.00000000,454855225.86000000,256677105,US2566771059,
DISH Network Corp,2157311.00000000,69983168.84000000,25470M109,US25470M1099,
Accenture PLC,5222125.00000000,2164831918.75000000,,IE00B4BNMY34,
DENTSPLY SIRONA Inc,1758461.00000000,98104539.19000000,24906P109,US24906P1093,
Equity Residential,2788015.00000000,252315357.50000000,29476L107,US29476L1070,
AMETEK Inc,1930689.00000000,283888510.56000000,031100100,US0311001004,
American Electric Power Co Inc,4169023.00000000,370917976.31000000,025537101,US0255371017,
General Motors Co,12030804.00000000,705366038.52000000,37045V100,US37045V1008,
Western Digital Corp,2577882.00000000,168103685.22000000,958102105,US9581021055,
Twitter Inc,6676318.00000000,288550463.96000000,90184L102,US90184L1026,
Federal Realty Investment Trust,589383.00000000,80344690.56000000,313747206,US3137472060,
Comerica Inc,1083691.00000000,94281117.00000000,200340107,US2003401070,
Teledyne Technologies Inc,392096.00000000,171302821.44000000,879360105,US8793601050,
Welltower Inc,3600770.00000000,308838042.90000000,95040Q104,US95040Q1040,
Expeditors International of Washington Inc,1419140.00000000,190576310.60000000,302130109,US3021301094,
Genuine Parts Co,1162799.00000000,163024419.80000000,372460105,US3724601055,
MSCI Inc,683813.00000000,418965386.97000000,55354G100,US55354G1004,
Chipotle Mexican Grill Inc,233201.00000000,407693648.25000000,169656105,US1696561059,
Viatris Inc,10199082.00000000,137993579.46000000,92556V106,US92556V1061,
Progressive Corp/The,4863392.00000000,499227188.80000000,743315103,US7433151039,
Jack Henry & Associates Inc,593119.00000000,99044941.81000000,426281101,US4262811015,
Pool Corp,332001.00000000,187912566.00000000,73278L105,US73278L1052,
American Water Works Co Inc,1511080.00000000,285382568.80000000,030420103,US0304201033,
Vertex Pharmaceuticals Inc,2098979.00000000,460935788.40000000,92532F100,US92532F1003,
Dominion Energy Inc,6719486.00000000,527882820.16000000,25746U109,US25746U1097,
Mondelez International Inc,11580859.00000000,767926760.29000000,609207105,US6092071058,
Union Pacific Corp,5319833.00000000,1340225527.69000000,907818108,US9078181081,
Johnson & Johnson,21782249.00000000,3726289336.43000000,478160104,US4781601046,
Realty Income Corp,4680123.00000000,335050005.57000000,756109104,US7561091049,
McDonald's Corp,6182726.00000000,1657403358.82000000,580135101,US5801351017,
NetApp Inc,1872109.00000000,172215306.91000000,64110D104,US64110D1046,
Hess Corp,2241494.00000000,165937800.82000000,42809H107,US42809H1077,
UnitedHealth Group Inc,7792989.00000000,3913171496.46000000,91324P102,US91324P1021,
Clorox Co/The,1001293.00000000,174585447.48000000,189054109,US1890541097,
Molson Coors Beverage Co,1507006.00000000,69849728.10000000,60871R209,US60871R2094,
Philip Morris International Inc,12881177.00000000,1223711815.00000000,718172109,US7181721090,
United Rentals Inc,598101.00000000,198742981.29000000,911363109,US9113631090,
International Business Machines Corp,7420176.00000000,991780724.16000000,459200101,US4592001014,
Pentair PLC,1340002.00000000,97860346.06000000,,IE00BLS09M33,
Valero Energy Corp,3372368.00000000,253298560.48000000,91913Y100,US91913Y1001,
Amphenol Corp,4980643.00000000,435607036.78000000,032095101,US0320951017,
Wells Fargo & Co,32999192.00000000,1583301232.16000000,949746101,US9497461015,
Northern Trust Corp,1738768.00000000,207974040.48000000,665859104,US6658591044,
News Corp,3316648.00000000,73994416.88000000,65249B109,US65249B1098,
Marathon Petroleum Corp,5095040.00000000,326031609.60000000,56585A102,US56585A1025,
PerkinElmer Inc,1043046.00000000,209714828.76000000,714046109,US7140461093,
NextEra Energy Inc,16234816.00000000,1515682421.76000000,65339F101,US65339F1012,
Hilton Worldwide Holdings Inc,2327168.00000000,363014936.32000000,43300A203,US43300A2033,
UDR Inc,2404012.00000000,144216679.88000000,902653104,US9026531049,
General Mills Inc,5027512.00000000,338753758.56000000,370334104,US3703341046,
DR Horton Inc,2714644.00000000,294403141.80000000,23331A109,US23331A1097,
Paychex Inc,2665582.00000000,363851943.00000000,704326107,US7043261079,
Marathon Oil Corp,6373710.00000000,104656318.20000000,565849106,US5658491064,
MarketAxess Holdings Inc,320489.00000000,131807511.03000000,57060D108,US57060D1081,
Schlumberger NV,11649797.00000000,348911420.15000000,,AN8068571086,
AbbVie Inc,14627425.00000000,1980553345.00000000,00287Y109,US00287Y1091,
Tractor Supply Co,950348.00000000,226753032.80000000,892356106,US8923561067,
Universal Health Services Inc,603786.00000000,78286892.76000000,913903100,US9139031002,
Ball Corp,2652302.00000000,255337113.54000000,058498106,US0584981064,
Seagate Technology Holdings PLC,1695185.00000000,191522001.30000000,,IE00BKVD2N49,
Air Products and Chemicals Inc,1831037.00000000,557111317.62000000,009158106,US0091581068,
Ventas Inc,3328314.00000000,170143411.68000000,92276F100,US92276F1003,
Thermo Fisher Scientific Inc,3260302.00000000,2175403906.48000000,883556102,US8835561023,
Costco Wholesale Corp,3655715.00000000,2075349405.50000000,22160K105,US22160K1051,
Expedia Group Inc,1225295.00000000,221435312.40000000,30212P303,US30212P3038,
Everest Re Group Ltd,336364.00000000,92136826.88000000,,BMG3223R1088,
Brown-Forman Corp,1509572.00000000,109987415.92000000,115637209,US1156372096,
Teradyne Inc,1341964.00000000,219451372.92000000,880770102,US8807701029,
Cognizant Technology Solutions Corp,4361707.00000000,386970645.04000000,192446102,US1924461023,
Masco Corp,2000253.00000000,140457765.66000000,574599106,US5745991068,
eBay Inc,5181329.00000000,344558378.50000000,278642103,US2786421030,
WEC Energy Group Inc,2620948.00000000,254415422.36000000,92939U106,US92939U1060,
EOG Resources Inc,4855532.00000000,431316907.56000000,26875P101,US26875P1012,
3M Co,4754485.00000000,844539170.55000000,88579Y101,US88579Y1010,
NIKE Inc,10572647.00000000,1762143075.49000000,654106103,US6541061031,
Agilent Technologies Inc,2515950.00000000,401671417.50000000,00846U101,US00846U1016,
Micron Technology Inc,9256123.00000000,862207857.45000000,595112103,US5951121038,
Regency Centers Corp,1314521.00000000,99049157.35000000,758849103,US7588491032,
Williams Cos Inc/The,10097997.00000000,262951841.88000000,969457100,US9694571004,
Snap-on Inc,433251.00000000,93313600.38000000,833034101,US8330341012,
Citigroup Inc,16420761.00000000,991649756.79000000,172967424,US1729674242,
Linde PLC,4241128.00000000,1469253973.04000000,,IE00BZ12WP82,
Walgreens Boots Alliance Inc,5998359.00000000,312874405.44000000,931427108,US9314271084,
Chubb Ltd,3564576.00000000,689068186.56000000,,CH0044328745,
Omnicom Group Inc,1790961.00000000,131223712.47000000,681919106,US6819191064,
Under Armour Inc,1783802.00000000,32179788.08000000,904311206,US9043112062,
Amcor PLC,12660555.00000000,152053265.55000000,,JE00BJ1F3079,
PNC Financial Services Group Inc/The,3492180.00000000,700251933.60000000,693475105,US6934751057,
Caesars Entertainment Inc,1769255.00000000,165478420.15000000,12769G100,US12769G1004,
General Dynamics Corp,1923356.00000000,400962025.32000000,369550108,US3695501086,
Xcel Energy Inc,4469383.00000000,302577229.10000000,98389B100,US98389B1008,
DaVita Inc,537606.00000000,61158058.56000000,23918K108,US23918K1088,
SVB Financial Group,486739.00000000,330125859.36000000,78486Q101,US78486Q1013,
Mosaic Co/The,3059089.00000000,120191606.81000000,61945C103,US61945C1036,
Allegion PLC,740349.00000000,98051821.56000000,,IE00BFRT3W74,
Comcast Corp,37714105.00000000,1898150904.65000000,20030N101,US20030N1019,
Qorvo Inc,892939.00000000,139646730.21000000,74736K101,US74736K1016,
Celanese Corp,888014.00000000,149239632.84000000,150870103,US1508701034,
PPG Industries Inc,1978600.00000000,341189784.00000000,693506107,US6935061076,
Invesco Ltd,2687695.00000000,61870738.90000000,,BMG491BT1088,
Under Armour Inc,1445179.00000000,30623343.01000000,904311107,US9043111072,
Atmos Energy Corp,1092867.00000000,114499675.59000000,049560105,US0495601058,
Marriott International Inc/MD,2268774.00000000,374892215.76000000,571903202,US5719032022,
Moody's Corp,1343042.00000000,524565344.36000000,615369105,US6153691059,
Fox Corp,2575424.00000000,95033145.60000000,35137L105,US35137L1052,
PPL Corp,6213174.00000000,186768010.44000000,69351T106,US69351T1060,
Exelon Corp,8095506.00000000,467596426.56000000,30161N101,US30161N1019,
Nucor Corp,2365332.00000000,270002647.80000000,670346105,US6703461052,
Cintas Corp,727185.00000000,322266576.45000000,172908105,US1729081059,
FleetCor Technologies Inc,669667.00000000,149898261.28000000,339041105,US3390411052,
Medtronic PLC,11135196.00000000,1151936026.20000000,,IE00BTN1Y115,
Paycom Software Inc,398291.00000000,165366440.29000000,70432V102,US70432V1026,
Truist Financial Corp,11061234.00000000,647635250.70000000,89832Q109,US89832Q1094,
Corteva Inc,5992867.00000000,283342751.76000000,22052L104,US22052L1044,
Advanced Micro Devices Inc,9983165.00000000,1436577443.50000000,007903107,US0079031078,
Huntington Bancshares Inc/OH,11970930.00000000,184591740.60000000,446150104,US4461501045,
Enphase Energy Inc,1119507.00000000,204802610.58000000,29355A107,US29355A1079,
Coterra Energy Inc,6871645.00000000,130561255.00000000,127097103,US1270971039,
PepsiCo Inc,11440083.00000000,1987256817.93000000,713448108,US7134481081,
Texas Instruments Inc,7641213.00000000,1440139414.11000000,882508104,US8825081040,
CME Group Inc,2973640.00000000,679357794.40000000,12572Q105,US12572Q1058,
Vulcan Materials Co,1083790.00000000,224973128.20000000,929160109,US9291601097,
PayPal Holdings Inc,9721374.00000000,1833256708.92000000,70450Y103,US70450Y1038,
Centene Corp,4828401.00000000,397860242.40000000,15135B101,US15135B1017,
Duke Realty Corp,3190420.00000000,209419168.80000000,264411505,US2644115055,
Alphabet Inc,2488943.00000000,7210567428.72000000,02079K305,US02079K3059,
Boston Properties Inc,1191675.00000000,137257126.50000000,101121101,US1011211018,
Estee Lauder Cos Inc/The,1921695.00000000,711411489.00000000,518439104,US5184391044,
Lumen Technologies Inc,7629433.00000000,95749384.15000000,550241103,US5502411037,
Phillips 66,3663990.00000000,265492715.40000000,718546104,US7185461040,
Microchip Technology Inc,4578133.00000000,398572258.98000000,595017104,US5950171042,
Prologis Inc,6118106.00000000,1030044326.16000000,74340W103,US74340W1036,
Lincoln National Corp,1405997.00000000,95973355.22000000,534187109,US5341871094,
Visa Inc,13876385.00000000,3007151393.35000000,92826C839,US92826C8394,
Hewlett Packard Enterprise Co,10630658.00000000,167645476.66000000,42824C109,US42824C1099,
Southern Co/The,8794114.00000000,603100338.12000000,842587107,US8425871071,
Zoetis Inc,3913663.00000000,955051181.89000000,98978V103,US98978V1035,
NRG Energy Inc,2091519.00000000,90102638.52000000,629377508,US6293775085,
Eastman Chemical Co,1104323.00000000,133523693.93000000,277432100,US2774321002,
Boston Scientific Corp,11841364.00000000,503021142.72000000,101137107,US1011371077,
Zimmer Biomet Holdings Inc,1745855.00000000,221793419.20000000,98956P102,US98956P1021,
Archer-Daniels-Midland Co,4666691.00000000,315421644.69000000,039483102,US0394831020,
ResMed Inc,1205827.00000000,314093816.96000000,761152107,US7611521078,
Anthem Inc,2003211.00000000,928568426.94000000,036752103,US0367521038,
Lennar Corp,2229216.00000000,258945730.56000000,526057104,US5260571048,
Baker Hughes Co,7229009.00000000,173929956.54000000,05722G100,US05722G1004,
J M Smucker Co/The,912682.00000000,123960469.24000000,832696405,US8326964058,
NXP Semiconductors NV,2200313.00000000,501187295.14000000,,NL0009538784,
Leidos Holdings Inc,1136444.00000000,101029871.60000000,525327102,US5253271028,
CBRE Group Inc,2738757.00000000,297182522.07000000,12504L109,US12504L1098,
Raymond James Financial Inc,1551073.00000000,155727729.20000000,754730109,US7547301090,
Biogen Inc,1215612.00000000,291649631.04000000,09062X103,US09062X1037,
Fiserv Inc,4931368.00000000,511826684.72000000,337738108,US3377381088,
Edison International,3184467.00000000,217339872.75000000,281020107,US2810201077,
Procter & Gamble Co/The,20024522.00000000,3275611308.76000000,742718109,US7427181091,
Akamai Technologies Inc,1323344.00000000,154884181.76000000,00971T101,US00971T1016,
Generac Holdings Inc,521259.00000000,183441467.28000000,368736104,US3687361044,
State Street Corp,3055383.00000000,284150619.00000000,857477103,US8574771031,
Lockheed Martin Corp,2024560.00000000,719548869.60000000,539830109,US5398301094,
Lowe's Cos Inc,5730222.00000000,1481147782.56000000,548661107,US5486611073,
Old Dominion Freight Line Inc,766485.00000000,274692894.30000000,679580100,US6795801009,
Hasbro Inc,1086422.00000000,110576031.16000000,418056107,US4180561072,
Cummins Inc,1175589.00000000,256442984.46000000,231021106,US2310211063,
Royal Caribbean Cruises Ltd,1857815.00000000,142865973.50000000,,LR0008862868,
IDEX Corp,639279.00000000,151074413.28000000,45167R104,US45167R1041,
Ralph Lauren Corp,418655.00000000,49761333.30000000,751212101,US7512121010,
CDW Corp/DE,1122685.00000000,229903434.30000000,12514G108,US12514G1085,
Tyler Technologies Inc,339059.00000000,182396789.05000000,902252105,US9022521051,
Norfolk Southern Corp,2013690.00000000,599495649.90000000,655844108,US6558441084,
Sealed Air Corp,1223884.00000000,82575453.48000000,81211K100,US81211K1007,
Microsoft Corp,62121793.00000000,20892801421.76000000,594918104,US5949181045,
A O Smith Corp,1121427.00000000,96274507.95000000,831865209,US8318652091,
Align Technology Inc,609506.00000000,400555153.08000000,016255101,US0162551016,
ViacomCBS Inc,5019830.00000000,151498469.40000000,92556H206,US92556H2067,
Tyson Foods Inc,2472789.00000000,215528289.24000000,902494103,US9024941034,
Becton Dickinson and Co,2381951.00000000,599013037.48000000,075887109,US0758871091,
American Tower Corp,3768038.00000000,1102151115.00000000,03027X100,US03027X1000,
Dollar Tree Inc,1861533.00000000,261582617.16000000,256746108,US2567461080,
Packaging Corp of America,800717.00000000,109017619.55000000,695156109,US6951561090,
IQVIA Holdings Inc,1589661.00000000,448506954.54000000,46266C105,US46266C1053,
Intercontinental Exchange Inc,4669497.00000000,638647104.69000000,45866F104,US45866F1049,
Applied Materials Inc,7471791.00000000,1175761031.76000000,038222105,US0382221051,
Occidental Petroleum Corp,7238771.00000000,209851971.29000000,674599105,US6745991058,
Rockwell Automation Inc,963682.00000000,336180465.70000000,773903109,US7739031091,
Moderna Inc,2918568.00000000,741257900.64000000,60770K107,US60770K1079,
Kellogg Co,2067842.00000000,133210381.64000000,487836108,US4878361082,
Stryker Corp,2783596.00000000,744389242.32000000,863667101,US8636671013,
Huntington Ingalls Industries Inc,341659.00000000,63801401.66000000,446413106,US4464131063,
Trane Technologies PLC,1968990.00000000,397795049.70000000,,IE00BK9ZQ967,
Newmont Corp,6649234.00000000,412385492.68000000,651639106,US6516391066,
Alexandria Real Estate Equities Inc,1166553.00000000,260094656.88000000,015271109,US0152711091,
Zions Bancorp NA,1264042.00000000,79836892.72000000,989701107,US9897011071,
Pinnacle West Capital Corp,960436.00000000,67797177.24000000,723484101,US7234841010,
Constellation Brands Inc,1359312.00000000,341146532.64000000,21036P108,US21036P1084,
Trimble Inc,2076489.00000000,181049075.91000000,896239100,US8962391004,
Willis Towers Watson PLC,1031210.00000000,244902062.90000000,,IE00BDB6Q211,
NVIDIA Corp,20684499.00000000,6083518000.89000000,67066G104,US67066G1040,
Best Buy Co Inc,1814061.00000000,184308597.60000000,086516101,US0865161014,
Chevron Corp,15924204.00000000,1868705339.40000000,166764100,US1667641005,
Johnson Controls International plc,5898293.00000000,479590203.83000000,,IE00BY7QL619,
Adobe Inc,3936839.00000000,2232423923.34000000,00724F101,US00724F1012,
KeyCorp,7705825.00000000,178235732.25000000,493267108,US4932671088,
Take-Two Interactive Software Inc,943464.00000000,167672422.08000000,874054109,US8740541094,
Waste Management Inc,3179627.00000000,530679746.30000000,94106L109,US94106L1098,
Entergy Corp,1683043.00000000,189594793.95000000,29364G103,US29364G1031,
IHS Markit Ltd,3303559.00000000,439109062.28000000,,BMG475671050,
Alphabet Inc,2313714.00000000,6694939693.26000000,02079K107,US02079K1079,
Citrix Systems Inc,1063113.00000000,100559858.67000000,177376100,US1773761002,
Cigna Corp,2737885.00000000,628700532.55000000,125523100,US1255231003,
Ceridian HCM Holding Inc,1149837.00000000,120111973.02000000,15677J108,US15677J1088,
People's United Financial Inc,3681882.00000000,65611137.24000000,712704105,US7127041058,
M&T Bank Corp,1062932.00000000,163245096.56000000,55261F104,US55261F1049,
Sempra Energy,2654065.00000000,351079718.20000000,816851109,US8168511090,
O'Reilly Automotive Inc,557543.00000000,393753592.89000000,67103H107,US67103H1077,
W R Berkley Corp,1182045.00000000,97388687.55000000,084423102,US0844231029,
CVS Health Corp,10922026.00000000,1126716202.16000000,126650100,US1266501006,
Crown Castle International Corp,3583161.00000000,747949027.14000000,22822V101,US22822V1017,
DuPont de Nemours Inc,4287374.00000000,346334071.72000000,26614N102,US26614N1028,
Illumina Inc,1289733.00000000,490666022.52000000,452327109,US4523271090,
Walt Disney Co/The,15035028.00000000,2328775486.92000000,254687106,US2546871060,
Garmin Ltd,1258921.00000000,171427272.57000000,,CH0114405324,
Quanta Services Inc,1178708.00000000,135150659.28000000,74762E102,US74762E1029,
Target Corp,4038582.00000000,934689418.08000000,87612E106,US87612E1064,
Gartner Inc,680527.00000000,227513786.64000000,366651107,US3666511072,
Marsh & McLennan Cos Inc,4159839.00000000,723063214.98000000,571748102,US5717481023,
Principal Financial Group Inc,2013398.00000000,145629077.34000000,74251V102,US74251V1026,
Walmart Inc,11757353.00000000,1701171405.57000000,931142103,US9311421039,
Coca-Cola Co/The,32165019.00000000,1904490774.99000000,191216100,US1912161007,
Fortinet Inc,1128917.00000000,405732769.80000000,34959E109,US34959E1091,
Robert Half International Inc,898014.00000000,100146521.28000000,770323103,US7703231032,
American Airlines Group Inc,5519173.00000000,99124347.08000000,02376R102,US02376R1023,
Public Storage,1265183.00000000,473886944.48000000,74460D109,US74460D1090,
Stanley Black & Decker Inc,1333670.00000000,251556835.40000000,854502101,US8545021011,
PACCAR Inc,2891408.00000000,255195670.08000000,693718108,US6937181088,
Exxon Mobil Corp,35028655.00000000,2143403399.45000000,30231G102,US30231G1022,
Corning Inc,6429586.00000000,239373486.78000000,219350105,US2193501051,
Newell Brands Inc,3237780.00000000,70713115.20000000,651229106,US6512291062,
Franklin Resources Inc,2239742.00000000,75008959.58000000,354613101,US3546131018,
Etsy Inc,1056589.00000000,231329595.66000000,29786A106,US29786A1060,
CMS Energy Corp,2356264.00000000,153274973.20000000,125896100,US1258961002,
Host Hotels & Resorts Inc,5760452.00000000,100174260.28000000,44107P104,US44107P1049,
Darden Restaurants Inc,1055811.00000000,159047369.04000000,237194105,US2371941053,
Alaska Air Group Inc,1078883.00000000,56209804.30000000,011659109,US0116591092,
McCormick & Co Inc/MD,2063557.00000000,199360241.77000000,579780206,US5797802064,
Activision Blizzard Inc,6454890.00000000,429443831.70000000,00507V109,US00507V1098,
Consolidated Edison Inc,2890878.00000000,246649710.96000000,209115104,US2091151041,
Martin Marietta Materials Inc,509767.00000000,224562558.84000000,573284106,US5732841060,
First Republic Bank/CA,1483054.00000000,306265481.54000000,33616C100,US33616C1009,
TJX Cos Inc/The,9919993.00000000,753125868.56000000,872540109,US8725401090,
Incyte Corp,1578734.00000000,115879075.60000000,45337C102,US45337C1027,
Discovery Inc,1493826.00000000,35164664.04000000,25470F104,US25470F1049,
Monster Beverage Corp,3077111.00000000,295525740.44000000,61174X109,US61174X1090,
Lamb Weston Holdings Inc,1242029.00000000,78719798.02000000,513272104,US5132721045,
Berkshire Hathaway Inc,15154464.00000000,4531184736.00000000,084670702,US0846707026,
Cerner Corp,2409083.00000000,223731538.21000000,156782104,US1567821046,
Hershey Co/The,1188363.00000000,229912589.61000000,427866108,US4278661081,
TransDigm Group Inc,428447.00000000,272612257.16000000,893641100,US8936411003,
Netflix Inc,3664971.00000000,2207925129.24000000,64110L106,US64110L1061,
Cadence Design Systems Inc,2303820.00000000,429316857.00000000,127387108,US1273871087,
Kimco Realty Corp,4982636.00000000,122821977.40000000,49446R109,US49446R1095,
Juniper Networks Inc,2728220.00000000,97424736.20000000,48203R104,US48203R1041,
Intuitive Surgical Inc,2953629.00000000,1061238899.70000000,46120E602,US46120E6023,
Xylem Inc/NY,1493937.00000000,179152925.04000000,98419M100,US98419M1009,
Ecolab Inc,2062770.00000000,483905214.30000000,278865100,US2788651006,
Mastercard Inc,7176551.00000000,2578678305.32000000,57636Q104,US57636Q1040,
Republic Services Inc,1719514.00000000,239786227.30000000,760759100,US7607591002,
AT&T Inc,59084850.00000000,1453487310.00000000,00206R102,US00206R1023,
Southwest Airlines Co,4903861.00000000,210081405.24000000,844741108,US8447411088,
Broadcom Inc,3405629.00000000,2266139592.89000000,11135F101,US11135F1012,
Amgen Inc,4660862.00000000,1048554124.14000000,031162100,US0311621009,
Bank of America Corp,59604309.00000000,2651795707.41000000,060505104,US0605051046,
DXC Technology Co,2137274.00000000,68798850.06000000,23355L106,US23355L1061,
SolarEdge Technologies Inc,430758.00000000,120857772.06000000,83417M104,US83417M1045,
IPG Photonics Corp,311393.00000000,53603191.02000000,44980X109,US44980X1090,
Norwegian Cruise Line Holdings Ltd,3150459.00000000,65340519.66000000,,BMG667211046,
Essex Property Trust Inc,541175.00000000,190618070.25000000,297178105,US2971781057,
Hormel Foods Corp,2373666.00000000,115858637.46000000,440452100,US4404521001,
Tesla Inc,6730436.00000000,7112590156.08000000,88160R101,US88160R1014,
US Bancorp,11188777.00000000,628473604.09000000,902973304,US9029733048,
Campbell Soup Co,1708286.00000000,74242109.56000000,134429109,US1344291091,
Home Depot Inc/The,8732690.00000000,3624153676.90000000,437076102,US4370761029,
Alliant Energy Corp,2066810.00000000,127046810.70000000,018802108,US0188021085,
Intel Corp,33649597.00000000,1732954245.50000000,458140100,US4581401001,
Discovery Inc,2506425.00000000,57397132.50000000,25470F302,US25470F3029,
Evergy Inc,1929585.00000000,132388826.85000000,30034W106,US30034W1062,
Conagra Brands Inc,4032283.00000000,137702464.45000000,205887102,US2058871029,
Iron Mountain Inc,2390555.00000000,125097743.15000000,46284V101,US46284V1017,
Fortune Brands Home & Security Inc,1095699.00000000,117130223.10000000,34964C106,US34964C1062,
Vornado Realty Trust,1353845.00000000,56671951.70000000,929042109,US9290421091,
BorgWarner Inc,2014859.00000000,90809695.13000000,099724106,US0997241064,
Organon & Co,1998771.00000000,60862576.95000000,68622V106,US68622V1061,
News Corp,905995.00000000,20384887.50000000,65249B208,US65249B2088,
Arista Networks Inc,1866104.00000000,268252450.00000000,040413106,US0404131064,
Abbott Laboratories,14647724.00000000,2061520675.76000000,002824100,US0028241000,
FedEx Corp,2011597.00000000,520279448.08000000,31428X106,US31428X1063,
Synchrony Financial,4529828.00000000,210138720.92000000,87165B103,US87165B1035,
Ford Motor Co,32478043.00000000,674568953.11000000,345370860,US3453708600,
Match Group Inc,2341850.00000000,309709662.50000000,57667L107,US57667L1070,
SBA Communications Corp,899462.00000000,349908707.24000000,78410G104,US78410G1040,
Domino's Pizza Inc,299367.00000000,168941779.11000000,25754A201,US25754A2015,
Parker-Hannifin Corp,1076324.00000000,342400190.88000000,701094104,US7010941042,
CSX Corp,18354243.00000000,690119536.80000000,126408103,US1264081035,
Kinder Morgan Inc,16222171.00000000,257283632.06000000,49456B101,US49456B1017,
Wynn Resorts Ltd,887797.00000000,75498256.88000000,983134107,US9831341071,
Cincinnati Financial Corp,1217188.00000000,138674228.84000000,172062101,US1720621010,
Goldman Sachs Group Inc/The,2808786.00000000,1074501084.30000000,38141G104,US38141G1040,
Rollins Inc,1922942.00000000,65783845.82000000,775711104,US7757111049,
Freeport-McMoRan Inc,12213033.00000000,509649867.09000000,35671D857,US35671D8570,
ServiceNow Inc,1646417.00000000,1068705738.87000000,81762P102,US81762P1021,
CenterPoint Energy Inc,5201105.00000000,145162840.55000000,15189T107,US15189T1079,
Sysco Corp,4249765.00000000,333819040.75000000,871829107,US8718291078,
AvalonBay Communities Inc,1163564.00000000,293904630.76000000,053484101,US0534841012,
FactSet Research Systems Inc,308729.00000000,150045381.29000000,303075105,US3030751057,
Fidelity National Information Services Inc,5038890.00000000,549994843.50000000,31620M106,US31620M1062,
Sherwin-Williams Co/The,1988653.00000000,700324040.48000000,824348106,US8243481061,
Dexcom Inc,805151.00000000,432325829.45000000,252131107,US2521311074,
International Paper Co,3259773.00000000,153144135.54000000,460146103,US4601461035,
NiSource Inc,3157256.00000000,87171838.16000000,65473P105,US65473P1057,
FirstEnergy Corp,4531573.00000000,188468121.07000000,337932107,US3379321074,
General Electric Co,9085880.00000000,858343083.60000000,369604301,US3696043013,
APA Corp,3003731.00000000,80770326.59000000,03743Q108,US03743Q1085,
Deere & Co,2334607.00000000,800513394.23000000,244199105,US2441991054,
Analog Devices Inc,4454551.00000000,782976429.27000000,032654105,US0326541051,
Charles Schwab Corp/The,12439023.00000000,1046121834.30000000,808513105,US8085131055,
MetLife Inc,5916546.00000000,369724959.54000000,59156R108,US59156R1086,
Illinois Tool Works Inc,2354115.00000000,580995582.00000000,452308109,US4523081093,
MGM Resorts International,3200659.00000000,143645575.92000000,552953101,US5529531015,
Aflac Inc,5036422.00000000,294076680.58000000,001055102,US0010551028,
Eversource Energy,2859110.00000000,260121827.80000000,30040W108,US30040W1080,
F5 Inc,506808.00000000,124020985.68000000,315616102,US3156161024,
Duke Energy Corp,6386300.00000000,669922870.00000000,26441C204,US26441C2044,
Meta Platforms Inc,19580003.00000000,6585734009.05000000,30303M102,US30303M1027,
Pfizer Inc,46440622.00000000,2742318729.10000000,717081103,US7170811035,
VeriSign Inc,793090.00000000,201302103.80000000,92343E102,US92343E1029,
Ross Stores Inc,2919434.00000000,333632917.52000000,778296103,US7782961038,
Bio-Techne Corp,328168.00000000,169774433.12000000,09073M104,US09073M1045,
Ameren Corp,2140107.00000000,190490924.07000000,023608102,US0236081024,
Verizon Communications Inc,34255697.00000000,1779926016.12000000,92343V104,US92343V1044,
Oracle Corp,13347625.00000000,1164046376.25000000,68389X105,US68389X1054,
CarMax Inc,1324141.00000000,172442882.43000000,143130102,US1431301027,
Bath & Body Works Inc,2149285.00000000,149998600.15000000,070830104,US0708301041,
Raytheon Technologies Corp,12376787.00000000,1065146289.22000000,75513E101,US75513E1010,
Edwards Lifesciences Corp,5171265.00000000,669937380.75000000,28176E108,US28176E1082,
Globe Life Inc,767072.00000000,71889987.84000000,37959E102,US37959E1029,
Avery Dennison Corp,675339.00000000,146258167.23000000,053611109,US0536111091,
Brown & Brown Inc,1937572.00000000,136172560.16000000,115236101,US1152361010,
Boeing Co/The,4570820.00000000,920197482.40000000,097023105,US0970231058,
Autodesk Inc,1827461.00000000,513863758.59000000,052769106,US0527691069,
Aon PLC,1823474.00000000,548063345.44000000,,IE00BLP1HW54,
Fox Corp,1126003.00000000,38588122.81000000,35137L204,US35137L2043,
NortonLifeLock Inc,4710959.00000000,122390714.82000000,668771108,US6687711084,
Jacobs Engineering Group Inc,1059170.00000000,147468239.10000000,469814107,US4698141078,
Allstate Corp/The,2372777.00000000,279157214.05000000,020002101,US0200021014,
Dover Corp,1191552.00000000,216385843.20000000,260003108,US2600031080,
Cardinal Health Inc,2300499.00000000,118452693.51000000,14149Y108,US14149Y1082,
AmerisourceBergen Corp,1214431.00000000,161385735.59000000,03073E105,US03073E1055,
TE Connectivity Ltd,2698787.00000000,435422294.58000000,,CH0102993182,
Advance Auto Parts Inc,521515.00000000,125101018.20000000,00751Y106,US00751Y1064,
Carrier Global Corp,7196918.00000000,390360832.32000000,14448C104,US14448C1045,
Roper Technologies Inc,875977.00000000,430858047.22000000,776696106,US7766961061,
Devon Energy Corp,5137563.00000000,226309650.15000000,25179M103,US25179M1036,
LyondellBasell Industries NV,2153088.00000000,198579306.24000000,,NL0009434992,
Skyworks Solutions Inc,1383921.00000000,214701503.94000000,83088M102,US83088M1027,
Altria Group Inc,15139422.00000000,717457208.58000000,02209S103,US02209S1033,
LKQ Corp,2183873.00000000,131097896.19000000,501889208,US5018892084,
Starbucks Corp,9767142.00000000,1142462599.74000000,855244109,US8552441094,
Emerson Electric Co,4956962.00000000,460848757.14000000,291011104,US2910111044,
JB Hunt Transport Services Inc,681307.00000000,139259150.80000000,445658107,US4456581077,
Citizens Financial Group Inc,3474834.00000000,164185906.50000000,174610105,US1746101054,
Simon Property Group Inc,2718910.00000000,434400250.70000000,828806109,US8288061091,
ABIOMED Inc,381332.00000000,136963014.44000000,003654100,US0036541003,
Yum! Brands Inc,2414291.00000000,335248448.26000000,988498101,US9884981013,
Nielsen Holdings PLC,2864579.00000000,58752515.29000000,,GB00BWFY5505,
Live Nation Entertainment Inc,1123036.00000000,134416178.84000000,538034109,US5380341090,
PulteGroup Inc,2084496.00000000,119149791.36000000,745867101,US7458671010,
International Flavors & Fragrances Inc,2105514.00000000,317195684.10000000,459506101,US4595061015,
Laboratory Corp of America Holdings,787616.00000000,247476823.36000000,50540R409,US50540R4092,
Bank of New York Mellon Corp/The,6288538.00000000,365238287.04000000,064058100,US0640581007,
PTC Inc,893759.00000000,108278902.85000000,69370C100,US69370C1009,
Morgan Stanley,11879175.00000000,1166059818.00000000,617446448,US6174464486,
Carnival Corp,6661037.00000000,134020064.44000000,,PA1436583006,
Ulta Beauty Inc,445443.00000000,183673966.62000000,90384S303,US90384S3031,
WestRock Co,2275799.00000000,100954443.64000000,96145D105,US96145D1054,
Pioneer Natural Resources Co,1881707.00000000,342244869.16000000,723787107,US7237871071,
Ingersoll Rand Inc,3413568.00000000,211197452.16000000,45687V106,US45687V1061,
Caterpillar Inc,4476169.00000000,925403179.06000000,149123101,US1491231015,
CF Industries Holdings Inc,1806835.00000000,127887781.30000000,125269100,US1252691001,
Monolithic Power Systems Inc,359976.00000000,177586960.08000000,609839105,US6098391054,
QUALCOMM Inc,9267534.00000000,1694753942.58000000,747525103,US7475251036,
Textron Inc,1807149.00000000,139511902.80000000,883203101,US8832031012,
Lam Research Corp,1165134.00000000,837906116.10000000,512807108,US5128071082,
AutoZone Inc,173569.00000000,363868315.91000000,053332102,US0533321024,
Ameriprise Financial Inc,925938.00000000,279318457.08000000,03076C106,US03076C1062,
HCA Healthcare Inc,1977766.00000000,508127640.72000000,40412C101,US40412C1018,
Bio-Rad Laboratories Inc,174770.00000000,132050968.90000000,090572207,US0905722072,
Otis Worldwide Corp,3499343.00000000,304687795.01000000,68902V107,US68902V1070,
KLA Corp,1253578.00000000,539176433.58000000,482480100,US4824801009,
Copart Inc,1765167.00000000,267634620.54000000,217204106,US2172041061,
AES Corp/The,5624384.00000000,136672531.20000000,00130H105,US00130H1059,
Northrop Grumman Corp,1232110.00000000,476912817.70000000,666807102,US6668071029,
Hartford Financial Services Group Inc/The,2816718.00000000,194466210.72000000,416515104,US4165151048,
Diamondback Energy Inc,1379797.00000000,148811106.45000000,25278X109,US25278X1090,
NVR Inc,27100.00000000,160130377.00000000,62944T105,US62944T1051,
Electronic Arts Inc,2319189.00000000,305901029.10000000,285512109,US2855121099,
McKesson Corp,1263456.00000000,314057257.92000000,58155Q103,US58155Q1031,
Regions Financial Corp,7989897.00000000,174179754.60000000,7591EP100,US7591EP1005,
Verisk Analytics Inc,1323106.00000000,302634035.38000000,92345Y106,US92345Y1064,
Humana Inc,1069753.00000000,496215626.58000000,444859102,US4448591028,
PVH Corp,567371.00000000,60510117.15000000,693656100,US6936561009,
Tapestry Inc,2215092.00000000,89932735.20000000,876030107,US8760301072,
Keysight Technologies Inc,1535553.00000000,317107050.03000000,49338L103,US49338L1035,
Kroger Co/The,5566320.00000000,251931643.20000000,501044101,US5010441013,
United Airlines Holdings Inc,2680008.00000000,117330750.24000000,910047109,US9100471096,
Fortive Corp,2927681.00000000,223352783.49000000,34959J108,US34959J1088,
Church & Dwight Co Inc,2005656.00000000,205579740.00000000,171340102,US1713401024,
Synopsys Inc,1266833.00000000,466827960.50000000,871607107,US8716071076,
Apple Inc,128968388.00000000,22900916657.16000000,037833100,US0378331005,
Danaher Corp,5261992.00000000,1731247987.92000000,235851102,US2358511028,
ANSYS Inc,724725.00000000,290701692.00000000,03662Q105,US03662Q1058,
Regeneron Pharmaceuticals Inc,873058.00000000,551353588.16000000,75886F107,US75886F1075,
Cboe Global Markets Inc,897468.00000000,117029827.20000000,12503M108,US12503M1080,
Teleflex Inc,392727.00000000,129002964.96000000,879369106,US8793691069,
Signature Bank/New York NY,495846.00000000,160391305.62000000,82669G104,US82669G1040,
Howmet Aerospace Inc,3090959.00000000,98385224.97000000,443201108,US4432011082,
Automatic Data Processing Inc,3475905.00000000,857088654.90000000,053015103,US0530151036,
Mid-America Apartment Communities Inc,943380.00000000,216449107.20000000,59522J103,US59522J1034,
Prudential Financial Inc,3128071.00000000,338582405.04000000,744320102,US7443201022,
Digital Realty Trust Inc,2347971.00000000,415285630.77000000,253868103,US2538681030,
Nasdaq Inc,954010.00000000,200351640.10000000,631103108,US6311031081,
Xilinx Inc,2053245.00000000,435349537.35000000,983919101,US9839191015,
WW Grainger Inc,357730.00000000,185389995.20000000,384802104,US3848021040,
Equifax Inc,1017656.00000000,297959500.24000000,294429105,US2944291051,
Fifth Third Bancorp,5650567.00000000,246082192.85000000,316773100,US3167731005,
T-Mobile US Inc,4871981.00000000,565052356.38000000,872590104,US8725901040,
Kimberly-Clark Corp,2784954.00000000,398025625.68000000,494368103,US4943681035,
Mettler-Toledo International Inc,188470.00000000,319873168.70000000,592688105,US5926881054,
Gap Inc/The,1598992.00000000,28222208.80000000,364760108,US3647601083,
Interpublic Group of Cos Inc/The,3303232.00000000,123706038.40000000,460690100,US4606901001,
Travelers Cos Inc/The,2032518.00000000,317946790.74000000,89417E109,US89417E1091,
Charter Communications Inc,1023874.00000000,667535131.78000000,16119P108,US16119P1084,
Kraft Heinz Co/The,5870902.00000000,210765381.80000000,500754106,US5007541064,
Weyerhaeuser Co,6260821.00000000,257820608.78000000,962166104,US9621661043,
Extra Space Storage Inc,1113330.00000000,252425310.90000000,30225T102,US30225T1025,
Delta Air Lines Inc,5326899.00000000,208175212.92000000,247361702,US2473617023,
Las Vegas Sands Corp,2759134.00000000,103853803.76000000,517834107,US5178341070,
Booking Holdings Inc,340693.00000000,817400866.39000000,09857L108,US09857L1089,
T Rowe Price Group Inc,1853679.00000000,364507438.56000000,74144T108,US74144T1088,
Aptiv PLC,2221513.00000000,366438569.35000000,,JE00B783TY65,
Merck & Co Inc,20924309.00000000,1603639041.76000000,58933Y105,US58933Y1055,
Equinix Inc,745370.00000000,630463760.80000000,29444U700,US29444U7000,
Healthpeak Properties Inc,4496533.00000000,162279875.97000000,42250P103,US42250P1030,
Cooper Cos Inc/The,412165.00000000,172672405.10000000,216648402,US2166484020,
VF Corp,2713208.00000000,198661089.76000000,918204108,US9182041080,
Colgate-Palmolive Co,6973347.00000000,595105432.98000000,194162103,US1941621039,
Broadridge Financial Solutions Inc,971050.00000000,177527361.00000000,11133T103,US11133T1034,
Quest Diagnostics Inc,1032203.00000000,178581441.03000000,74834L100,US74834L1008,
STERIS PLC,827014.00000000,201303477.74000000,,IE00BFY8C754,
S&P Global Inc,1994093.00000000,941072309.49000000,78409V104,US78409V1044,
West Pharmaceutical Services Inc,618627.00000000,290142249.27000000,955306105,US9553061055,
Whirlpool Corp,496675.00000000,116549755.50000000,963320106,US9633201069,
Waters Corp,513264.00000000,191242166.40000000,941848103,US9418481035,
Eli Lilly & Co,6569292.00000000,1814569836.24000000,532457108,US5324571083,
Arthur J Gallagher & Co,1718114.00000000,291512402.38000000,363576109,US3635761097,
Global Payments Inc,2401032.00000000,324571505.76000000,37940X102,US37940X1028,
Henry Schein Inc,1186222.00000000,91967791.66000000,806407102,US8064071025,
JPMorgan Chase & Co,24454412.00000000,3872356140.20000000,46625H100,US46625H1005,
Halliburton Co,7448671.00000000,170351105.77000000,406216101,US4062161017,
Amazon.com Inc,3608668.00000000,12032526059.12000000,023135106,US0231351067,
HP Inc,9539165.00000000,359340345.55000000,40434L105,US40434L1052,
Westinghouse Air Brake Technologies Corp,1530465.00000000,140971131.15000000,929740108,US9297401088,
DTE Energy Co,1600246.00000000,191293406.84000000,233331107,US2333311072,
Loews Corp,1627539.00000000,94006652.64000000,540424108,US5404241086,
Catalent Inc,1438335.00000000,184150030.05000000,148806102,US1488061029,
Motorola Solutions Inc,1387084.00000000,376870722.80000000,620076307,US6200763075,
IDEXX Laboratories Inc,705079.00000000,464266318.34000000,45168D104,US45168D1046,
ONEOK Inc,3735197.00000000,219480175.72000000,682680103,US6826801036,
Hologic Inc,2059125.00000000,157646610.00000000,436440101,US4364401012,
Mohawk Industries Inc,444985.00000000,81067367.30000000,608190104,US6081901042,
Baxter International Inc,4143134.00000000,355646622.56000000,071813109,US0718131099,
Bristol-Myers Squibb Co,18383739.00000000,1146226126.65000000,110122108,US1101221083,
American Express Co,5192333.00000000,849465678.80000000,025816109,US0258161092,
CH Robinson Worldwide Inc,1049206.00000000,112926041.78000000,12541W209,US12541W2098,
Capital One Financial Corp,3523083.00000000,511164112.47000000,14040H105,US14040H1059,
Public Service Enterprise Group Inc,4204289.00000000,280552204.97000000,744573106,US7445731067,
American International Group Inc,6871658.00000000,390722473.88000000,026874784,US0268747849,
Fastenal Co,4779813.00000000,306194820.78000000,311900104,US3119001044,
Eaton Corp PLC,3279259.00000000,566721540.38000000,,IE00B8KQN827,
Gilead Sciences Inc,10401614.00000000,755261192.54000000,375558103,US3755581036,
ConocoPhillips,10914501.00000000,787808682.18000000,20825C104,US20825C1045,
