Price,Close,High,Low,Open,Volume
Ticker,GCO,GCO,GCO,GCO,GCO
Date,,,,,
2004-01-15,16.0,16.19,15.56,15.7,528900
2004-01-16,15.86,16.29,15.85,16.0,340200
2004-01-20,16.26,16.29,15.93,15.93,293800
2004-01-21,16.92,17.17,16.27,16.3,374600
2004-01-22,16.69,17.12,16.68,17.0,158700
2004-01-23,16.75,16.82,16.64,16.72,80300
2004-01-26,16.9,16.91,16.55,16.76,182300
2004-01-27,16.7,17.0,16.63,16.79,147300
2004-01-28,16.85,17.45,16.65,16.65,547300
2004-01-29,17.07,17.13,16.8,16.8,477200
2004-01-30,17.3,17.51,17.05,17.07,175200
2004-02-02,17.86,18.12,17.3,17.3,595300
2004-02-03,17.56,18.12,17.46,17.86,338400
2004-02-04,17.34,17.68,17.18,17.56,202300
2004-02-05,17.37,17.66,17.28,17.47,198800
2004-02-06,18.18,18.51,17.8,17.8,875300
2004-02-09,17.91,18.25,17.72,18.08,395000
2004-02-10,18.19,18.2,17.85,17.85,582700
2004-02-11,18.5,18.5,18.15,18.22,408500
2004-02-12,18.86,18.88,18.5,18.5,496700
2004-02-13,19.05,19.24,18.78,18.78,514100
2004-02-17,19.38,19.66,19.07,19.07,260200
2004-02-18,19.06,19.47,18.88,19.37,277200
2004-02-19,19.44,19.71,19.0,19.0,504900
2004-02-20,19.29,19.65,19.0,19.57,319500
2004-02-23,19.48,19.54,19.34,19.35,211400
2004-02-24,19.46,19.58,19.35,19.49,278500
2004-02-25,19.64,19.67,19.42,19.47,239000
2004-02-26,19.84,19.94,19.53,19.63,352100
2004-02-27,20.12,20.21,19.8,19.8,255400
2004-03-01,20.09,20.2,20.02,20.12,183900
2004-03-02,20.63,20.71,20.03,20.2,232800
2004-03-03,22.56,22.8,20.75,20.75,1118100
2004-03-04,22.47,22.7,22.05,22.61,332000
2004-03-05,23.1,23.87,22.0,22.0,504900
2004-03-08,23.26,23.47,22.77,23.1,441900
2004-03-09,22.63,23.25,22.6,23.25,255300
2004-03-10,22.17,22.82,22.12,22.73,254900
2004-03-11,21.2,22.17,21.19,22.1,408000
2004-03-12,22.03,22.18,21.2,21.2,311900
2004-03-15,21.94,22.5,21.93,21.93,257600
2004-03-16,21.3,21.99,20.92,21.9,293200
2004-03-17,21.8,21.85,21.45,21.45,376700
2004-03-18,21.66,21.8,21.48,21.75,233200
2004-03-19,21.96,22.17,21.69,21.71,333700
2004-03-22,21.62,22.3,21.62,21.96,499000
2004-03-23,21.6,22.16,21.59,21.82,306200
2004-03-24,21.78,21.97,21.61,21.7,188900
2004-03-25,22.0,22.17,21.91,21.97,433800
2004-03-26,22.38,22.61,22.05,22.07,333200
2004-03-29,22.74,22.74,22.34,22.54,143300
2004-03-30,23.47,23.62,23.1,23.15,407300
2004-03-31,23.18,23.75,22.65,23.47,419300
2004-04-01,23.54,23.71,23.43,23.53,280800
2004-04-02,23.36,23.89,23.2,23.89,266700
2004-04-05,23.83,23.85,23.29,23.35,206100
2004-04-06,23.89,24.0,23.7,23.8,187900
2004-04-07,24.08,24.32,23.87,23.95,251600
2004-04-08,23.03,24.1,23.02,24.08,317500
2004-04-12,23.62,23.84,23.16,23.18,379300
2004-04-13,24.26,25.0,23.8,23.8,1023700
2004-04-14,23.5,24.09,23.31,24.0,226200
2004-04-15,23.63,23.79,23.46,23.58,211200
2004-04-16,24.4,24.48,23.5,23.63,331000
2004-04-19,24.91,25.0,24.5,24.52,509000
2004-04-20,24.65,25.02,24.55,24.91,227300
2004-04-21,24.5,24.84,24.28,24.55,295800
2004-04-22,24.7,25.0,24.57,24.6,284500
2004-04-23,24.66,25.05,24.36,25.05,264000
2004-04-26,24.27,24.73,24.08,24.6,139900
2004-04-27,24.35,24.53,24.1,24.3,310400
2004-04-28,23.69,24.25,23.2,24.25,258600
2004-04-29,22.5,23.75,22.15,23.69,617800
2004-04-30,22.25,23.12,22.24,22.6,250700
2004-05-03,23.02,23.2,22.15,22.3,395100
2004-05-04,22.81,23.2,22.74,23.1,218600
2004-05-05,22.35,22.86,21.98,22.75,481400
2004-05-06,21.85,22.4,21.5,22.35,187500
2004-05-07,21.21,21.89,21.21,21.89,171900
2004-05-10,20.93,21.55,20.74,21.22,221700
2004-05-11,21.13,21.32,20.86,21.0,175200
2004-05-12,21.75,21.75,20.65,21.14,281400
2004-05-13,20.86,21.74,20.79,21.74,214200
2004-05-14,24.0,24.22,22.16,22.3,1730900
2004-05-17,23.37,23.95,23.18,23.95,492100
2004-05-18,23.96,24.0,23.5,23.5,243500
2004-05-19,23.77,24.25,23.51,24.0,405500
2004-05-20,23.13,23.7,22.88,23.7,401800
2004-05-21,23.8,23.86,23.3,23.3,148600
2004-05-24,23.95,24.15,23.62,23.8,394000
2004-05-25,24.46,24.98,24.095,24.1,342600
2004-05-26,25.0,25.3,24.07,24.71,524600
2004-05-27,25.39,25.6,25.0,25.0,361100
2004-05-28,25.1,25.35,24.55,25.2,274100
2004-06-01,25.3,25.67,25.02,25.08,288600
2004-06-02,25.05,25.55,24.91,25.55,183000
2004-06-03,24.68,25.05,24.52,25.05,139900
2004-06-04,25.06,25.06,24.6,24.85,177600
2004-06-07,25.01,25.25,24.95,25.11,299600
2004-06-08,25.42,25.45,25.0,25.07,155900
2004-06-09,24.81,25.5,24.67,25.45,378700
2004-06-10,24.76,25.15,24.5,25.06,214300
2004-06-14,24.77,25.04,24.5,24.76,356100
2004-06-15,25.25,25.25,24.84,24.9,318400
2004-06-16,25.3,25.59,25.11,25.4,207300
2004-06-17,24.84,25.3,24.76,25.3,258300
2004-06-18,24.45,24.92,24.45,24.85,274500
2004-06-21,24.61,24.79,24.27,24.65,294800
2004-06-22,24.09,24.7,23.51,24.7,430600
2004-06-23,24.55,24.62,23.86,24.14,210300
2004-06-24,24.25,24.55,24.23,24.55,102600
2004-06-25,24.35,24.52,24.25,24.26,260400
2004-06-28,24.03,24.4,24.03,24.36,166800
2004-06-29,23.12,24.06,23.07,24.04,235700
2004-06-30,23.63,23.7,23.18,23.52,248500
2004-07-01,22.92,23.88,22.92,23.78,233100
2004-07-02,22.64,23.0,22.51,23.0,301800
2004-07-06,22.0,22.7,22.0,22.65,268300
2004-07-07,22.19,22.44,22.01,22.09,174100
2004-07-08,22.16,22.3,21.54,22.3,284700
2004-07-09,22.01,22.3,21.77,22.1,276600
2004-07-12,21.75,22.32,21.75,22.05,229000
2004-07-13,22.2,22.35,21.75,21.8,247200
2004-07-14,21.93,22.1,21.77,22.1,271100
2004-07-15,21.59,21.93,21.55,21.93,218200
2004-07-16,20.45,21.59,20.45,21.59,433100
2004-07-19,20.4,20.64,19.9,20.46,303700
2004-07-20,21.45,21.45,20.38,20.45,285600
2004-07-21,20.45,21.4,20.23,21.32,208000
2004-07-22,20.35,20.55,19.77,20.45,263300
2004-07-23,19.84,20.32,19.75,20.3,78700
2004-07-26,19.72,20.13,19.49,20.0,204600
2004-07-27,20.56,20.7,19.7,19.7,117900
2004-07-28,20.32,20.65,20.0,20.55,261600
2004-07-29,21.08,21.25,20.32,20.32,232500
2004-07-30,21.46,21.5,20.81,21.15,236800
2004-08-02,21.42,21.6,21.08,21.36,171600
2004-08-03,20.71,21.38,20.54,21.3,168800
2004-08-04,20.49,20.75,20.2,20.71,160600
2004-08-05,19.84,20.8,19.46,20.49,431600
2004-08-06,18.88,19.7,18.77,19.7,436600
2004-08-09,19.43,19.52,18.98,19.52,167600
2004-08-10,19.92,20.05,19.41,19.42,144900
2004-08-11,20.31,20.35,19.5,19.85,235900
2004-08-12,19.26,20.4,19.13,20.25,211600
2004-08-13,19.51,19.89,19.29,19.3,104400
2004-08-16,20.51,20.7,19.45,19.52,215900
2004-08-17,21.11,21.34,20.61,20.76,246600
2004-08-18,21.69,21.81,20.78,21.06,343700
2004-08-19,23.16,23.89,23.0,23.5,1417400
2004-08-20,23.24,23.55,23.0,23.09,444400
2004-08-23,22.6,23.19,22.58,23.18,329900
2004-08-24,23.11,23.24,22.59,22.73,321900
2004-08-25,22.97,23.45,22.9,23.11,167100
2004-08-26,23.39,23.63,23.0,23.07,146900
2004-08-27,23.15,23.45,22.99,23.45,122900
2004-08-30,22.65,23.22,22.65,23.22,141000
2004-08-31,22.53,23.03,22.5,22.75,168300
2004-09-01,22.6,22.9,22.39,22.6,142200
2004-09-02,23.1,23.17,22.65,22.7,222100
2004-09-03,23.05,23.29,22.86,23.14,193000
2004-09-07,22.79,23.25,22.72,23.1,335800
2004-09-08,22.49,23.11,22.48,22.9,172000
2004-09-09,22.52,22.62,21.98,22.59,330700
2004-09-10,22.79,22.99,22.3,22.62,118100
2004-09-13,23.14,23.28,22.79,22.79,267900
2004-09-14,22.89,23.22,22.7,23.1,87300
2004-09-15,22.71,22.98,22.46,22.69,112300
2004-09-16,23.6,24.0,22.7,22.76,343700
2004-09-17,23.58,23.8,23.57,23.8,211500
2004-09-20,22.7,23.58,22.58,23.58,242800
2004-09-21,23.25,23.61,22.62,22.9,263500
2004-09-22,23.14,23.54,23.04,23.22,237300
2004-09-23,22.73,23.24,22.72,23.1,109700
2004-09-24,23.37,23.47,22.62,22.78,149000
2004-09-27,22.6,23.12,22.49,23.12,222300
2004-09-28,22.92,23.02,22.21,22.4,123600
2004-09-29,23.78,23.8,23.1,23.15,233500
2004-09-30,23.55,23.75,23.28,23.73,258500
2004-10-01,23.93,24.0,23.23,23.6,153600
2004-10-04,23.47,24.41,23.4,23.9,260100
2004-10-05,23.19,23.58,23.17,23.44,105500
2004-10-06,23.7,23.74,23.23,23.3,508700
2004-10-07,23.27,23.66,23.21,23.45,181200
2004-10-08,22.76,23.12,22.75,23.0,173400
2004-10-11,23.04,23.06,22.54,22.9,126700
2004-10-12,23.08,23.3,22.72,22.9,108100
2004-10-13,22.84,23.33,22.5,23.13,159500
2004-10-14,23.4,23.43,22.78,22.83,221200
2004-10-15,22.84,23.3,22.74,23.25,197000
2004-10-18,23.83,24.0,22.81,22.9,122300
2004-10-19,23.69,24.28,23.48,23.84,199900
2004-10-20,23.81,23.91,23.41,23.6,123400
2004-10-21,24.3,24.3,23.58,23.81,196800
2004-10-22,24.75,24.96,24.25,24.3,462600
2004-10-25,24.9,25.0,24.0,24.75,230400
2004-10-26,24.9,25.16,24.43,24.98,132500
2004-10-27,25.6,25.95,24.94,25.02,282300
2004-10-28,25.96,26.17,25.45,25.6,152400
2004-10-29,25.6,25.9,25.25,25.9,226500
2004-11-01,25.51,25.85,25.09,25.25,141900
2004-11-02,25.62,25.89,25.4,25.7,149000
2004-11-03,25.68,26.18,25.46,26.12,125700
2004-11-04,26.53,26.75,25.43,25.43,148700
2004-11-05,26.48,26.78,26.33,26.73,333100
2004-11-08,25.7,26.5,25.56,26.5,220000
2004-11-09,26.19,26.42,25.4,25.7,200600
2004-11-10,26.28,26.71,26.1,26.25,158000
2004-11-11,26.57,26.76,26.24,26.25,141300
2004-11-12,26.96,27.12,26.56,26.63,275300
2004-11-15,27.05,27.06,26.75,26.86,144000
2004-11-16,26.98,27.15,26.8,27.15,168400
2004-11-17,26.75,27.14,26.33,27.07,935200
2004-11-18,29.36,29.75,27.7,27.7,1813200
2004-11-19,28.74,29.2,28.12,29.2,631300
2004-11-22,28.7,28.73,27.82,28.1,786400
2004-11-23,29.11,29.99,28.75,28.75,488900
2004-11-24,29.51,29.92,29.05,29.2,260000
2004-11-26,29.85,30.02,29.41,29.41,87800
2004-11-29,29.9,30.39,29.75,30.0,346100
2004-11-30,29.58,29.93,29.38,29.75,199600
2004-12-01,29.45,30.14,29.4,29.58,395600
2004-12-02,29.8,30.12,28.91,29.45,299400
2004-12-03,29.02,29.8,28.98,29.8,180300
2004-12-06,28.57,29.15,28.12,29.02,443000
2004-12-07,27.91,28.95,27.91,28.87,271000
2004-12-08,28.4,28.6,27.57,27.61,317700
2004-12-09,28.29,28.44,28.01,28.25,244900
2004-12-10,28.36,28.6,28.04,28.04,164900
2004-12-13,29.09,29.11,28.14,28.41,232200
2004-12-14,29.25,29.4,28.65,29.1,223800
2004-12-15,30.02,30.06,29.16,29.2,308700
2004-12-16,30.3,30.79,30.0,30.0,489500
2004-12-17,29.9,30.73,29.73,30.35,163500
2004-12-20,29.35,29.85,28.89,29.85,199300
2004-12-21,29.88,30.14,29.52,29.6,232000
2004-12-22,30.45,30.48,29.69,29.75,110300
2004-12-23,30.36,30.84,30.36,30.45,79300
2004-12-27,30.28,30.8,30.28,30.6,99200
2004-12-28,30.85,30.85,30.16,30.29,113600
2004-12-29,30.96,31.16,30.7,30.85,131000
2004-12-30,30.98,31.36,30.85,30.96,217600
2004-12-31,31.14,31.39,30.86,31.03,130500
2005-01-03,30.33,31.06,30.17,30.95,299100
2005-01-04,29.22,31.0,28.77,30.5,656300
2005-01-05,29.01,29.4,28.77,29.22,603000
2005-01-06,29.65,29.85,29.01,29.01,352200
2005-01-07,28.93,29.55,28.88,29.55,237500
2005-01-10,29.0,29.5,28.85,28.88,219600
2005-01-11,28.95,29.44,28.76,28.95,352700
2005-01-12,28.6,28.8,28.12,28.8,194600
2005-01-13,29.14,29.37,28.64,28.9,154800
2005-01-14,29.5,29.64,28.97,29.0,138500
2005-01-18,29.56,29.8,29.21,29.51,157100
2005-01-19,28.63,29.81,28.46,29.81,237700
2005-01-20,28.25,28.8,27.92,28.8,165100
2005-01-21,28.58,29.02,27.92,28.35,287300
2005-01-24,27.41,28.44,27.36,28.4,303700
2005-01-25,27.3,27.5,26.94,27.21,543300
2005-01-26,28.37,28.43,27.45,27.45,331300
2005-01-27,28.38,28.66,28.14,28.22,84900
2005-01-28,28.2,28.5,27.8,28.26,121800
2005-01-31,28.94,29.0,28.44,28.45,229600
2005-02-01,29.27,29.43,28.84,28.84,192900
2005-02-02,29.68,29.7,29.25,29.35,225200
2005-02-03,30.19,30.27,29.36,29.68,353300
2005-02-04,30.15,30.39,29.95,30.19,106400
2005-02-07,30.7,30.84,30.1,30.25,156600
2005-02-08,30.79,30.92,30.5,30.92,94700
2005-02-09,30.02,31.5,30.02,31.5,316100
2005-02-10,30.1,30.4,29.99,30.1,301800
2005-02-11,30.24,30.53,29.62,30.15,66600
2005-02-14,30.19,30.24,29.8,30.14,84400
2005-02-15,30.2,30.65,29.96,30.29,88300
2005-02-16,29.94,30.19,29.69,30.19,94300
2005-02-17,29.48,30.0,29.4,30.0,308300
2005-02-18,29.35,29.54,29.11,29.5,171100
2005-02-22,28.25,29.26,28.25,29.26,103500
2005-02-23,28.63,28.98,28.35,28.35,255300
2005-02-24,29.35,29.45,28.25,28.8,289200
2005-02-25,29.68,29.97,29.05,29.2,92800
2005-02-28,29.47,29.69,28.98,29.69,131200
2005-03-01,30.81,30.85,29.59,29.6,293100
2005-03-02,30.51,31.05,30.32,30.8,233300
2005-03-03,29.63,31.05,29.39,30.81,854300
2005-03-04,30.0,30.19,29.68,30.13,211200
2005-03-07,30.09,30.24,29.69,29.74,349500
2005-03-08,29.77,30.21,29.38,30.1,281600
2005-03-09,29.62,29.98,29.15,29.57,203600
2005-03-10,29.71,30.35,29.35,29.71,195200
2005-03-11,29.6,30.27,29.59,29.66,167400
2005-03-14,29.0,29.82,28.71,29.61,302000
2005-03-15,29.0,29.25,28.9,29.05,280000
2005-03-16,28.89,29.05,28.63,28.9,126200
2005-03-17,28.55,28.98,28.5,28.95,177200
2005-03-18,27.95,28.68,27.94,28.56,350000
2005-03-21,27.6,28.03,27.41,28.0,211000
2005-03-22,28.16,28.35,27.49,27.78,278800
2005-03-23,27.35,27.96,27.19,27.91,181700
2005-03-24,28.0,28.14,27.16,27.45,165800
2005-03-28,28.18,28.42,27.91,28.02,164900
2005-03-29,28.63,28.9,27.63,28.18,460200
2005-03-30,28.83,29.58,28.55,28.64,433200
2005-03-31,28.42,28.89,28.39,28.7,197800
2005-04-01,27.98,28.51,27.6,28.45,191800
2005-04-04,27.57,27.97,27.35,27.97,331700
2005-04-05,27.65,27.84,27.5,27.6,256200
2005-04-06,28.03,28.62,27.9,27.9,213400
2005-04-07,27.94,28.12,27.5,27.88,227000
2005-04-08,27.45,27.9,27.4,27.86,208700
2005-04-11,27.75,28.03,27.5,27.52,170300
2005-04-12,27.66,27.83,27.13,27.75,184900
2005-04-13,28.4,28.6,27.66,27.66,421600
2005-04-14,28.11,28.35,28.0,28.34,339800
2005-04-15,26.95,28.28,26.76,28.11,451300
2005-04-18,26.9,27.46,26.53,27.05,183800
2005-04-19,27.36,27.47,26.97,27.05,120900
2005-04-20,26.96,27.56,26.96,27.35,152100
2005-04-21,27.25,27.49,26.9,27.21,135500
2005-04-22,26.43,27.07,26.22,27.07,155400
2005-04-25,27.53,27.57,26.5,26.5,537100
2005-04-26,26.92,27.8,26.85,27.5,83100
2005-04-27,27.06,27.36,26.5,26.85,147700
2005-04-28,26.01,27.12,25.9,27.06,364800
2005-04-29,25.73,26.16,25.16,26.16,168300
2005-05-02,26.5,26.56,25.8,25.8,136200
2005-05-03,26.76,26.91,26.65,26.7,251400
2005-05-04,27.53,27.68,26.6,26.74,211300
2005-05-05,27.29,28.29,27.09,27.5,216100
2005-05-06,27.59,27.75,27.44,27.44,161100
2005-05-09,28.82,28.82,27.59,27.59,258200
2005-05-10,28.68,29.1,28.54,28.82,365600
2005-05-11,30.08,30.38,29.2,29.2,756700
2005-05-12,30.33,31.13,30.0,30.0,760400
2005-05-13,30.56,31.05,30.29,30.45,467600
2005-05-16,31.18,31.3,30.5,30.5,228200
2005-05-17,31.35,31.6,31.05,31.07,163600
2005-05-18,31.78,32.15,31.45,31.5,214600
2005-05-19,31.76,32.15,31.45,31.86,212800
2005-05-20,31.71,31.87,31.5,31.82,123600
2005-05-23,32.08,32.45,31.55,31.67,139800
2005-05-24,31.9,32.05,31.7,31.93,157200
2005-05-25,31.4,32.02,31.4,31.8,293300
2005-05-26,34.75,35.59,32.7,32.75,1222200
2005-05-27,34.3,35.1,33.58,34.75,424600
2005-05-31,34.25,34.71,33.85,33.85,285200
2005-06-01,34.57,35.29,34.1,34.1,218000
2005-06-02,34.6,34.85,34.39,34.44,284100
2005-06-03,34.35,34.69,33.76,34.46,310900
2005-06-06,34.95,35.33,34.22,34.35,178100
2005-06-07,35.36,35.85,35.2,35.2,235700
2005-06-08,34.97,35.72,34.81,35.43,266000
2005-06-09,35.74,36.0,34.61,34.87,315200
2005-06-10,35.37,35.95,35.01,35.74,172400
2005-06-13,34.99,35.43,34.68,35.29,147100
2005-06-14,36.08,36.57,35.36,35.36,272600
2005-06-15,36.78,37.06,36.33,36.33,278300
2005-06-16,37.4,37.58,36.68,36.68,329200
2005-06-17,36.9,37.61,36.83,37.6,536900
2005-06-20,36.97,37.14,36.63,36.86,127500
2005-06-21,37.15,37.55,36.58,37.06,171400
2005-06-22,36.98,37.75,36.68,37.4,570900
2005-06-23,36.85,37.38,36.61,36.93,277300
2005-06-24,35.73,36.94,35.72,36.85,235700
2005-06-27,35.63,36.08,35.29,35.43,196400
2005-06-28,37.68,37.7,36.23,36.23,231200
2005-06-29,36.99,37.43,36.38,37.43,234600
2005-06-30,37.09,37.28,36.8,37.0,268700
2005-07-01,36.8,37.4,36.63,37.19,123500
2005-07-05,38.8,38.8,36.84,36.9,332100
2005-07-06,38.23,38.68,37.28,38.68,479600
2005-07-07,38.75,38.75,37.9,38.23,270500
2005-07-08,39.4,39.6,38.61,38.61,304400
2005-07-11,40.51,40.63,39.33,39.44,265600
2005-07-12,40.7,41.0,40.25,40.48,267300
2005-07-13,40.27,41.1,40.03,40.77,177800
2005-07-14,39.6,40.75,38.75,40.3,239000
2005-07-15,39.4,39.87,39.05,39.45,176500
2005-07-18,39.4,40.0,39.25,39.3,150100
2005-07-19,39.8,39.9,38.77,38.95,264000
2005-07-20,40.14,40.14,39.19,39.75,94300
2005-07-21,38.62,40.22,38.51,40.22,188800
2005-07-22,40.05,40.06,38.83,39.02,103900
2005-07-25,38.44,40.27,38.4,40.05,408000
2005-07-26,38.58,38.75,37.97,38.48,166400
2005-07-27,39.22,39.28,38.34,38.58,182900
2005-07-28,38.4,39.69,37.92,39.47,264400
2005-07-29,37.27,38.5,37.06,38.5,237100
2005-08-01,37.31,37.46,36.06,36.3,556300
2005-08-02,37.3,37.62,36.31,36.51,227500
2005-08-03,37.58,37.8,37.3,37.38,136700
2005-08-04,36.04,37.38,35.87,37.18,258200
2005-08-05,35.47,36.16,35.25,36.16,249400
2005-08-08,36.11,36.52,35.25,35.25,182900
2005-08-09,37.41,37.75,36.3,36.3,303400
2005-08-10,37.6,38.63,37.12,37.67,277600
2005-08-11,37.35,37.75,36.96,37.5,194300
2005-08-12,36.88,37.2,36.23,37.2,165600
2005-08-15,37.16,37.24,36.2,36.73,171800
2005-08-16,36.12,36.96,35.6,36.96,254600
2005-08-17,36.28,36.75,35.71,36.05,164300
2005-08-18,36.23,36.87,36.01,36.13,133600
2005-08-19,35.2,35.91,35.17,35.86,191600
2005-08-22,35.89,36.2,35.31,35.45,245100
2005-08-23,36.56,36.56,35.31,36.07,284600
2005-08-24,39.25,40.26,37.71,38.35,1160500
2005-08-25,40.01,40.2,39.38,39.95,532300
2005-08-26,38.93,39.85,38.68,39.7,292200
2005-08-29,39.28,39.29,38.45,38.48,140500
2005-08-30,38.97,39.44,38.41,38.98,417200
2005-08-31,39.71,39.78,38.94,39.05,226200
2005-09-01,38.85,40.27,38.66,39.89,253100
2005-09-02,38.15,38.85,38.11,38.85,168600
2005-09-06,39.57,39.64,38.07,38.17,277800
2005-09-07,40.0,40.0,39.51,39.57,106600
2005-09-08,39.0,39.95,38.73,39.95,244200
2005-09-09,39.5,39.79,38.85,39.2,358500
2005-09-12,39.16,39.89,38.98,39.6,199200
2005-09-13,39.25,39.64,38.87,38.91,117900
2005-09-14,38.83,39.5,38.64,39.26,116700
2005-09-15,38.32,39.22,38.13,38.95,241100
2005-09-16,37.55,38.14,37.05,37.75,393900
2005-09-19,37.56,37.89,37.17,37.58,132500
2005-09-20,35.98,37.9,35.81,37.7,169000
2005-09-21,34.96,35.98,34.6,35.98,386400
2005-09-22,35.67,35.91,34.31,34.85,228900
2005-09-23,36.6,37.17,35.48,35.67,229200
2005-09-26,36.67,37.34,36.22,36.75,166200
2005-09-27,36.46,36.88,36.2,36.68,154900
2005-09-28,36.09,37.04,35.63,36.66,163700
2005-09-29,36.38,36.4,35.35,36.24,2145100
2005-09-30,37.24,37.94,36.24,36.4,203700
2005-10-03,36.75,38.23,36.5,37.09,219100
2005-10-04,36.85,37.71,36.58,36.75,143700
2005-10-05,35.86,36.92,35.76,36.75,156000
2005-10-06,35.82,36.81,35.4,36.01,151000
2005-10-07,36.5,36.79,35.75,35.95,154700
2005-10-10,36.0,37.45,35.97,37.45,136700
2005-10-11,35.15,36.0,35.01,36.0,279200
2005-10-12,34.0,35.2,33.55,35.2,303600
2005-10-13,34.05,34.38,33.49,33.9,414400
2005-10-14,35.6,35.72,34.27,34.3,243300
2005-10-17,35.7,35.95,34.92,35.5,141900
2005-10-18,34.7,35.89,34.7,35.5,139100
2005-10-19,36.4,36.4,34.35,34.79,191500
2005-10-20,35.68,36.6,35.25,36.45,195400
2005-10-21,35.75,36.74,35.59,35.73,147900
2005-10-24,37.1,37.43,35.88,35.88,167800
2005-10-25,36.4,37.12,35.92,36.95,134400
2005-10-26,35.03,36.42,34.99,36.0,209100
2005-10-27,33.68,34.98,33.41,34.93,235000
2005-10-28,35.65,35.88,33.82,33.82,205400
2005-10-31,36.75,37.22,35.97,36.02,151300
2005-11-01,36.97,37.34,36.3,36.89,108200
2005-11-02,37.8,38.05,36.77,36.77,128000
2005-11-03,38.81,39.3,38.05,38.05,419400
2005-11-04,39.29,39.44,38.39,38.86,122300
2005-11-07,39.09,39.62,38.7,39.45,160900
2005-11-08,38.55,39.0,38.19,38.84,138600
2005-11-09,37.95,38.65,37.9,38.65,151800
2005-11-10,38.7,38.82,37.7,38.15,156800
2005-11-11,38.72,39.0,38.41,38.8,81900
2005-11-14,38.49,39.36,38.29,39.05,91700
2005-11-15,37.21,38.5,37.15,38.5,156900
2005-11-16,38.31,38.56,37.19,37.42,191600
2005-11-17,39.11,39.17,38.21,38.21,199800
2005-11-18,39.06,39.66,38.66,39.61,119700
2005-11-21,40.01,40.24,38.5,39.06,287900
2005-11-22,39.7,40.0,38.63,40.0,250600
2005-11-23,39.83,40.74,39.6,39.6,179600
2005-11-25,40.46,40.59,39.58,39.98,77400
2005-11-28,39.45,40.25,39.37,40.21,257600
2005-11-29,39.34,39.91,39.08,39.7,135100
2005-11-30,39.65,40.25,39.34,39.34,142500
2005-12-01,40.36,40.5,39.51,40.0,180800
2005-12-02,40.92,41.0,40.21,40.36,118700
2005-12-05,40.15,40.82,39.82,40.82,174800
2005-12-06,40.05,40.83,40.01,40.4,151800
2005-12-07,42.25,42.89,39.85,40.15,760300
2005-12-08,41.67,42.43,41.25,42.35,243900
2005-12-09,42.0,42.1,41.21,41.92,139300
2005-12-12,41.59,42.41,41.4,42.1,174300
2005-12-13,41.43,41.93,41.19,41.59,154100
2005-12-14,42.54,42.6,41.41,41.41,179700
2005-12-15,41.0,42.54,40.77,42.54,134700
2005-12-16,40.2,40.9,40.04,40.8,261500
2005-12-19,38.6,40.1,38.27,40.1,221600
2005-12-20,38.6,39.28,38.19,38.6,135100
2005-12-21,40.05,40.05,38.7,38.79,278200
2005-12-22,39.95,40.25,39.6,40.2,110100
2005-12-23,39.72,40.39,39.7,40.0,48700
2005-12-27,38.62,39.95,38.56,39.81,127100
2005-12-28,38.91,39.07,38.24,38.62,178700
2005-12-29,39.09,39.3,38.7,38.98,127900
2005-12-30,38.79,39.24,38.59,39.0,128900
2006-01-03,37.92,38.82,36.81,38.81,288800
2006-01-04,37.86,38.34,37.58,38.09,137100
2006-01-05,37.6,38.35,37.44,37.9,120200
2006-01-06,38.14,38.5,37.35,37.65,130800
2006-01-09,38.51,38.92,37.95,38.0,106300
2006-01-10,39.04,39.08,38.14,38.26,98000
2006-01-11,38.52,39.3,38.17,39.04,117700
2006-01-12,37.95,38.74,37.65,38.57,102300
2006-01-13,37.6,38.13,37.14,37.85,128100
2006-01-17,37.15,37.58,36.47,37.58,167500
2006-01-18,37.03,37.34,36.5,36.5,204200
2006-01-19,36.65,37.2,36.54,37.08,146900
2006-01-20,35.96,36.85,35.61,36.85,204100
2006-01-23,35.7,36.14,35.64,36.04,273500
2006-01-24,36.91,37.05,35.75,35.75,572600
2006-01-25,37.16,37.22,36.47,36.91,172900
2006-01-26,38.1,38.16,36.99,37.36,246400
2006-01-27,38.4,39.15,38.13,38.35,210100
2006-01-30,38.42,38.57,38.1,38.25,172100
2006-01-31,38.95,39.13,38.18,38.3,174200
2006-02-01,38.82,38.83,38.39,38.82,195500
2006-02-02,38.25,38.77,37.76,38.65,151300
2006-02-03,38.22,38.65,37.8,38.0,121900
2006-02-06,37.94,38.2,37.5,38.2,215800
2006-02-07,37.65,38.55,37.61,37.97,138600
2006-02-08,38.1,38.32,37.42,37.75,227100
2006-02-09,38.3,38.68,38.13,38.16,144500
2006-02-10,39.14,39.32,38.25,38.3,192000
2006-02-13,39.88,39.96,38.94,39.3,271500
2006-02-14,40.71,40.87,39.71,39.95,234300
2006-02-15,41.2,41.3,40.12,40.68,168800
2006-02-16,41.32,41.41,40.83,41.19,92000
2006-02-17,41.7,41.7,40.37,40.37,193000
2006-02-21,40.6,41.7,40.2,41.7,163800
2006-02-22,41.16,41.54,40.45,40.65,108800
2006-02-23,41.14,41.7,40.94,41.1,151200
2006-02-24,41.12,41.29,40.27,41.04,126900
2006-02-27,41.08,41.45,40.78,41.17,178100
2006-02-28,40.6,41.4,40.25,40.93,222900
2006-03-01,39.88,39.9,38.91,39.75,459700
2006-03-02,40.25,40.69,39.78,40.69,537400
2006-03-03,40.1,40.3,38.77,39.8,459900
2006-03-06,38.46,39.74,37.94,39.15,804600
2006-03-07,37.9,38.41,37.49,38.4,247600
2006-03-08,38.1,38.66,37.55,37.82,224000
2006-03-09,37.49,38.53,37.33,38.11,414100
2006-03-10,37.95,38.3,37.4,37.5,193700
2006-03-13,38.74,38.92,38.04,38.04,425700
2006-03-14,39.39,39.39,38.42,38.57,248800
2006-03-15,39.11,39.35,38.75,39.35,139900
2006-03-16,38.54,39.29,38.45,39.11,245400
2006-03-17,38.34,38.86,38.22,38.5,494000
2006-03-20,38.7,39.0,38.05,38.19,183700
2006-03-21,38.63,39.2,38.14,38.59,175800
2006-03-22,39.01,39.12,38.2,38.49,103900
2006-03-23,38.77,39.05,38.59,38.9,84400
2006-03-24,38.83,39.06,38.43,38.75,149500
2006-03-27,38.34,38.93,38.31,38.73,66000
2006-03-28,38.47,38.62,38.26,38.31,281700
2006-03-29,39.15,39.23,37.52,37.52,108900
2006-03-30,38.98,39.34,38.67,39.2,133500
2006-03-31,38.89,39.23,38.71,39.1,160100
2006-04-03,38.68,39.11,38.5,39.09,183300
2006-04-04,39.35,39.62,38.77,38.78,334600
2006-04-05,38.42,39.29,38.29,39.15,266600
2006-04-06,38.17,38.6,38.0,38.35,171000
2006-04-07,41.33,41.77,39.73,39.75,709800
2006-04-10,40.12,41.3,40.1,41.3,284500
2006-04-11,39.54,40.37,39.02,40.1,229700
2006-04-12,40.01,40.63,38.59,38.95,196300
2006-04-13,39.83,40.48,39.67,39.9,172900
2006-04-17,41.16,42.58,41.1,42.58,439600
2006-04-18,42.44,42.49,41.11,41.15,282900
2006-04-19,42.37,42.6,42.0,42.25,229300
2006-04-20,42.1,42.5,41.8,42.17,118000
2006-04-21,41.55,42.6,40.97,42.6,117600
2006-04-24,41.26,41.58,40.77,41.31,241600
2006-04-25,40.95,41.37,40.7,41.27,128600
2006-04-26,41.53,41.64,41.0,41.0,167100
2006-04-27,41.23,41.88,40.87,41.4,130300
2006-04-28,41.33,41.7,41.0,41.02,112200
2006-05-01,42.03,42.49,41.06,41.45,473000
2006-05-02,41.91,42.25,41.74,42.07,121700
2006-05-03,41.21,41.86,40.94,41.84,153800
2006-05-04,41.44,41.82,40.51,41.1,186800
2006-05-05,41.9,42.11,41.5,41.6,74600
2006-05-08,42.5,42.71,41.55,41.85,112300
2006-05-09,42.72,43.06,42.35,42.43,119300
2006-05-10,43.7,43.72,42.48,42.8,199200
2006-05-11,42.56,43.5,42.38,43.5,459100
2006-05-12,41.55,42.5808,41.15,42.53,161100
2006-05-15,41.35,41.7,41.12,41.4,204900
2006-05-16,41.25,41.45,41.0,41.22,154600
2006-05-17,41.43,41.67,40.5,41.05,154000
2006-05-18,41.75,42.42,41.41,41.55,158600
2006-05-19,41.59,41.82,40.34,41.5,168000
2006-05-22,41.0,41.57,40.41,41.45,206600
2006-05-23,39.75,41.55,39.75,41.13,250100
2006-05-24,38.55,39.71,38.15,39.55,506100
2006-05-25,36.55,38.08,35.92,37.5,596500
2006-05-26,35.81,36.96,35.65,36.65,491200
2006-05-30,35.07,35.78,35.03,35.76,349700
2006-05-31,35.19,35.54,34.65,35.17,428300
2006-06-01,36.01,36.09,34.98,35.11,280000
2006-06-02,36.86,37.23,36.02,36.16,574500
2006-06-05,36.98,38.49,36.91,37.45,535300
2006-06-06,36.41,37.35,36.03,37.22,508900
2006-06-07,36.49,37.25,36.25,36.34,544200
2006-06-08,36.28,36.76,35.78,36.45,458900
2006-06-09,35.58,36.35,35.49,36.18,267900
2006-06-12,34.9,35.74,34.86,35.7,222200
2006-06-13,34.84,35.44,34.63,35.03,328600
2006-06-14,34.78,35.1,34.36,34.67,154000
2006-06-15,35.75,35.85,35.06,35.28,212500
2006-06-16,35.55,35.8,34.92,35.75,415400
2006-06-19,34.1,35.8,34.02,35.45,220300
2006-06-20,34.2,34.48,33.45,34.1,219400
2006-06-21,34.0,34.49,33.91,34.1,268300
2006-06-22,33.72,34.07,33.4,33.9,158400
2006-06-23,33.64,33.96,33.44,33.8,107700
2006-06-26,33.48,34.1,33.31,33.84,141000
2006-06-27,32.86,33.92,32.67,33.6,140400
2006-06-28,32.4,33.22,32.28,33.09,260700
2006-06-29,34.11,34.22,32.55,32.55,314100
2006-06-30,33.87,34.62,33.87,34.31,481800
2006-07-03,34.0,34.08,33.62,33.93,101300
2006-07-05,33.24,33.93,33.07,33.83,229200
2006-07-06,32.8,33.38,32.53,33.35,220600
2006-07-07,32.3,32.75,31.93,32.7,192000
2006-07-10,32.24,32.7,32.19,32.33,338300
2006-07-11,31.9,32.22,31.25,32.15,308800
2006-07-12,30.54,31.75,30.45,31.75,367300
2006-07-13,30.28,30.93,30.02,30.54,479400
2006-07-14,29.66,30.44,29.42,30.2,207000
2006-07-17,29.2,30.16,28.93,29.66,283800
2006-07-18,29.08,29.55,28.6,29.2,314200
2006-07-19,29.98,30.18,29.12,29.13,306900
2006-07-20,29.05,30.04,28.65,30.0,381000
2006-07-21,28.4,29.0,28.4,28.95,304300
2006-07-24,28.8,29.38,28.6,28.6,370900
2006-07-25,29.18,29.77,28.64,28.85,215800
2006-07-26,28.4,28.93,28.25,28.93,254200
2006-07-27,27.85,28.75,27.68,28.43,189000
2006-07-28,26.25,27.2,25.5,25.5,1636600
2006-07-31,27.07,27.46,26.05,26.05,859200
2006-08-01,27.15,27.39,26.68,27.07,480500
2006-08-02,27.62,27.74,27.12,27.25,502800
2006-08-03,28.6,28.79,27.3,27.37,411900
2006-08-04,28.59,29.19,28.35,28.8,498100
2006-08-07,28.4,28.65,27.97,28.4,214800
2006-08-08,27.68,28.52,27.62,28.4,399600
2006-08-09,27.52,28.08,27.35,27.83,271000
2006-08-10,27.47,27.51,26.49,27.32,305000
2006-08-11,27.8,27.87,27.45,27.54,327600
2006-08-14,28.11,28.28,27.76,27.9,292100
2006-08-15,28.5,28.62,28.15,28.5,168100
2006-08-16,28.86,28.93,28.46,28.55,114000
2006-08-17,29.35,29.74,28.9,28.9,355900
2006-08-18,28.94,29.52,28.62,29.48,257100
2006-08-21,28.1,28.9,28.03,28.9,282400
2006-08-22,27.9,28.26,27.7,27.98,272100
2006-08-23,27.1,27.97,26.81,27.9,312000
2006-08-24,28.3,28.69,27.75,28.0,1207600
2006-08-25,27.52,28.05,27.29,28.05,469600
2006-08-28,27.14,27.93,27.09,27.53,496800
2006-08-29,26.9,27.7,26.86,27.15,504800
2006-08-30,27.43,27.69,26.82,27.07,419100
2006-08-31,27.48,27.69,27.43,27.48,263200
2006-09-01,27.35,27.7,27.22,27.53,268200
2006-09-05,28.39,28.77,27.74,27.8,409900
2006-09-06,27.5,28.41,27.49,28.18,277400
2006-09-07,27.1,27.61,26.98,27.3,457100
2006-09-08,27.45,27.51,26.93,27.09,358300
2006-09-11,28.73,28.91,27.41,27.41,482400
2006-09-12,30.17,30.34,28.71,28.72,528500
2006-09-13,30.51,30.56,29.86,30.08,341800
2006-09-14,30.57,30.65,30.04,30.33,349400
2006-09-15,30.85,31.22,30.64,30.95,495500
2006-09-18,30.3,30.65,30.03,30.65,308800
2006-09-19,30.2,30.35,29.78,30.24,493500
2006-09-20,30.92,31.0,30.17,30.21,547100
2006-09-21,31.69,31.77,30.92,31.01,809400
2006-09-22,34.26,34.27,33.19,33.19,1289000
2006-09-25,34.59,35.0,34.18,34.2,1038700
2006-09-26,34.47,35.34,33.98,34.57,482000
2006-09-27,34.98,34.99,34.12,34.42,797200
2006-09-28,35.02,35.34,34.76,34.98,321700
2006-09-29,34.47,35.28,34.16,35.02,425200
2006-10-02,34.4,34.95,34.07,34.47,261200
2006-10-03,34.85,35.3,34.03,34.25,407900
2006-10-04,35.91,35.98,34.81,34.88,456100
2006-10-05,35.85,35.93,35.17,35.88,340500
2006-10-06,35.76,35.97,35.2,35.82,398900
2006-10-09,35.5,35.76,35.121,35.6,439700
2006-10-10,35.7,35.75,35.28,35.58,336600
2006-10-11,35.3,35.64,35.02,35.63,205600
2006-10-12,36.89,36.93,35.45,35.45,392800
2006-10-13,36.98,37.15,36.6,37.0,432200
2006-10-16,37.58,37.67,36.78,37.1,231300
2006-10-17,37.01,37.38,36.7,37.38,302200
2006-10-18,37.35,37.68,37.08,37.2,215700
2006-10-19,37.3,37.77,37.06,37.32,224700
2006-10-20,37.51,37.59,36.61,37.37,194400
2006-10-23,37.93,37.95,37.03,37.31,153200
2006-10-24,38.14,38.34,37.7,37.9,322600
2006-10-25,37.83,38.06,37.35,37.89,314000
2006-10-26,38.56,38.73,37.73,38.01,253000
2006-10-27,38.18,38.7,38.05,38.55,341800
2006-10-30,38.47,38.48,37.4,38.03,175900
2006-10-31,37.57,38.49,37.25,38.38,247500
2006-11-01,36.29,37.65,36.27,37.65,305300
2006-11-02,36.12,36.35,35.75,35.95,238300
2006-11-03,35.83,36.49,35.46,36.17,256700
2006-11-06,36.07,36.34,35.7,36.1,209800
2006-11-07,36.28,36.83,36.0,36.0,233600
2006-11-08,36.52,36.9,35.8,36.1,254000
2006-11-09,36.01,36.66,35.68,36.66,174300
2006-11-10,36.61,36.61,35.81,35.95,166000
2006-11-13,36.61,37.24,36.56,36.61,211300
2006-11-14,37.41,37.62,36.17,36.6,302000
2006-11-15,37.42,37.77,37.11,37.51,239400
2006-11-16,36.89,37.45,36.65,37.45,344700
2006-11-17,36.54,36.78,36.32,36.78,438300
2006-11-20,36.85,37.09,36.42,36.47,264100
2006-11-21,38.46,38.64,37.31,38.2,920200
2006-11-22,39.1,39.15,38.59,38.71,258100
2006-11-24,38.69,39.17,38.52,38.79,98900
2006-11-27,37.83,38.5,37.5,38.5,300800
2006-11-28,38.0,38.22,37.41,37.96,263300
2006-11-29,38.26,38.58,37.9415,38.16,162100
2006-11-30,38.32,38.85,37.94,38.26,204000
2006-12-01,38.8,38.96,38.14,38.32,284600
2006-12-04,40.16,40.55,38.6625,38.79,539800
2006-12-05,40.4,40.55,39.8,40.45,379900
2006-12-06,40.97,41.14,40.39,40.39,317500
2006-12-07,41.0,42.15,40.96,41.29,441900
2006-12-08,40.5,41.0,40.3,40.85,166200
2006-12-11,40.69,40.8,40.14,40.45,157900
2006-12-12,40.15,40.94,39.84,40.63,128700
2006-12-13,39.79,40.59,39.7,40.4,128000
2006-12-14,40.17,40.43,39.8,39.9,109500
2006-12-15,39.22,40.33,39.22,40.08,280900
2006-12-18,38.7,39.45,38.43,39.3,287200
2006-12-19,38.56,38.7,38.02,38.55,245400
2006-12-20,38.8,39.5,38.56,38.66,282700
2006-12-21,38.54,39.17,38.25,38.81,154000
2006-12-22,38.3,38.54,37.7,38.54,115200
2006-12-26,38.02,38.23,37.65,38.2,104800
2006-12-27,38.11,38.67,37.6,38.2,156800
2006-12-28,37.71,38.24,37.44,38.05,146100
2006-12-29,37.3,37.91,37.03,37.63,162500
2007-01-03,37.3,38.24,36.85,37.4,236600
2007-01-04,37.65,37.71,36.72,37.1,175200
2007-01-05,36.75,37.7,36.52,37.1,128100
2007-01-08,37.24,37.29,36.26,36.65,140100
2007-01-09,37.61,37.68,36.8,37.3,126500
2007-01-10,37.57,37.78,37.19,37.51,211700
2007-01-11,38.8,38.82,36.77,37.7,414700
2007-01-12,39.6,39.6,38.85,38.85,142500
2007-01-16,39.53,40.07,39.48,39.87,582300
2007-01-17,39.61,39.67,39.4,39.5,291900
2007-01-18,39.4,39.77,39.21,39.5,201300
2007-01-19,39.64,39.65,39.3,39.5,186100
2007-01-22,39.16,39.69,38.73,39.69,219300
2007-01-23,39.27,39.59,38.86,39.19,125400
2007-01-24,39.68,39.85,39.22,39.4,146100
2007-01-25,38.91,39.66,38.59,39.62,207300
2007-01-26,38.67,39.06,38.18,39.05,253000
2007-01-29,38.86,39.44,38.5,38.5,107300
2007-01-30,38.65,39.0,38.47,38.9,132100
2007-01-31,39.39,39.58,38.31,38.62,195200
2007-02-01,40.32,40.4,39.51,39.64,426800
2007-02-02,40.86,40.86,40.19,40.5,271900
2007-02-05,40.71,40.78,40.32,40.71,280200
2007-02-06,42.17,42.21,40.68,40.75,496600
2007-02-07,41.88,42.0,41.6,42.0,249300
2007-02-08,42.51,42.64,41.8,41.87,219900
2007-02-09,42.33,42.63,42.04,42.51,269400
2007-02-12,41.83,42.31,41.66,42.31,377800
2007-02-13,42.0,42.3,41.57,42.0,113300
2007-02-14,42.16,42.4197,41.56,42.0,199600
2007-02-15,42.71,43.03,41.93,42.03,170000
2007-02-16,42.45,42.81,42.17,42.71,74500
2007-02-20,42.82,42.94,42.0,42.28,152500
2007-02-21,42.73,42.92,42.37,42.67,103300
2007-02-22,42.75,43.08,42.2,42.83,137900
2007-02-23,42.44,42.71,41.93,42.6,181200
2007-02-26,41.7,42.47,41.28,42.43,171600
2007-02-27,39.92,41.28,38.13,38.79,349200
2007-02-28,40.0,40.4099,39.62,39.8,370000
2007-03-01,39.55,39.91,38.86,39.25,419096
2007-03-02,38.39,39.64,38.35,39.2,299900
2007-03-05,37.16,38.19,37.07,38.0,632200
2007-03-06,37.56,37.85,36.89,37.25,614900
2007-03-07,36.82,37.75,34.57,34.7,2716700
2007-03-08,36.85,37.8,36.12,36.12,767800
2007-03-09,36.66,37.1,36.2,36.94,505600
2007-03-12,38.75,38.81,36.7,36.83,791300
2007-03-13,38.05,38.74,37.83,38.25,538300
2007-03-14,38.17,38.58,37.24,38.01,427600
2007-03-15,38.52,38.73,38.15,38.17,202400
2007-03-16,39.6,39.62,38.21,38.52,537000
2007-03-19,42.6,43.34,42.1,42.81,2193300
2007-03-20,43.74,43.89,42.41,42.6,865000
2007-03-21,43.35,43.85,42.94,43.8,451800
2007-03-22,43.14,43.59,42.84,43.35,653900
2007-03-23,43.44,43.52,42.79,43.04,331900
2007-03-26,43.0,43.3,42.32,43.29,261200
2007-03-27,42.15,43.09,41.84,42.9,678100
2007-03-28,40.91,41.9,40.78,41.9,596500
2007-03-29,41.41,41.55,40.84,41.16,495900
2007-03-30,41.53,41.86,41.03,41.57,237800
2007-04-02,41.65,41.69,41.19,41.45,218200
2007-04-03,41.5,42.19,41.16,41.8,378300
2007-04-04,41.2,41.5,40.77,41.5,248100
2007-04-05,41.34,41.51,41.14,41.16,159500
2007-04-09,42.35,43.28,41.24,41.32,1006400
2007-04-10,42.15,42.83,42.065,42.26,221800
2007-04-11,42.0,42.4,41.65,42.23,207400
2007-04-12,41.26,41.95,41.18,41.95,622400
2007-04-13,41.1,41.48,40.66,41.36,595600
2007-04-16,40.88,41.56,40.8,41.35,430600
2007-04-17,43.54,44.18,42.25,42.35,1799100
2007-04-18,43.91,43.959,43.02,43.53,404514
2007-04-19,43.41,43.8,43.25,43.66,459100
2007-04-20,49.98,50.03,48.55,48.85,6336124
2007-04-23,50.56,51.04,49.4895,50.48,2005100
2007-04-24,50.83,51.0,49.9,49.9,913200
2007-04-25,50.88,50.99,50.59,50.95,748500
2007-04-26,50.79,51.08,50.72,50.88,590600
2007-04-27,50.75,51.13,50.31,50.5,885600
2007-04-30,50.68,50.88,50.51,50.69,708800
2007-05-01,50.37,50.9,50.26,50.75,493700
2007-05-02,51.06,51.21,50.05,50.2,704900
2007-05-03,50.59,51.3,50.43,50.97,424200
2007-05-04,51.03,51.07,50.3,50.65,361500
2007-05-07,50.73,51.2,50.54,51.03,204332
2007-05-08,50.82,50.9,50.5,50.73,192100
2007-05-09,50.73,51.36,50.6,50.75,273700
2007-05-10,50.33,50.9,50.11,50.73,453500
2007-05-11,49.65,50.35,49.59,49.99,1615900
2007-05-14,49.3,49.85,49.09,49.7,595910
2007-05-15,49.08,49.5,49.0,49.4,364100
2007-05-16,48.7,49.24,48.56,49.21,972100
2007-05-17,49.0,49.63,48.3,48.33,874400
2007-05-18,49.87,49.9,49.0,49.15,497523
2007-05-21,51.47,51.5,50.26,50.51,1596500
2007-05-22,51.48,51.49,50.9,51.4,257900
2007-05-23,51.9,52.4,51.5,51.76,340800
2007-05-24,51.54,53.43,51.13,51.9,782520
2007-05-25,51.5,51.94,51.03,51.63,194600
2007-05-29,51.78,51.8,51.19,51.59,155000
2007-05-30,52.3,52.4,51.3,51.58,331325
2007-05-31,52.35,53.85,51.3,53.5,5395940
2007-06-01,52.87,53.18,52.0,52.35,859800
2007-06-04,53.21,53.4,52.54,52.65,298000
2007-06-05,52.0,53.09,51.65,53.0,1067600
2007-06-06,52.06,52.39,51.51,51.78,375900
2007-06-07,51.2,52.15,51.04,51.93,377900
2007-06-08,50.75,51.1,50.44,51.1,930760
2007-06-11,50.47,50.85,50.15,50.75,324100
2007-06-12,49.0,50.5,48.52,50.27,747500
2007-06-13,49.32,49.74,48.89,49.45,374300
2007-06-14,49.7,49.87,49.29,49.57,334900
2007-06-15,49.6,50.5,49.47,50.4,502800
2007-06-18,53.75,54.15,53.31,54.02,4196900
2007-06-19,53.22,53.6,53.2,53.25,1283800
2007-06-20,53.15,53.33,52.95,53.2,770600
2007-06-21,53.0,53.71,52.94,53.09,668300
2007-06-22,52.57,53.28,52.55,53.0,1095100
2007-06-25,52.4,52.96,52.24,52.62,979600
2007-06-26,52.37,52.79,52.31,52.45,714600
2007-06-27,52.89,52.99,52.3,52.3,1074900
2007-06-28,52.8,52.99,52.62,52.8,475000
2007-06-29,52.31,53.1,52.24,52.85,957800
2007-07-02,52.85,52.94,52.36,52.36,422800
2007-07-03,52.8,52.89,52.57,52.72,181100
2007-07-05,52.63,52.8,52.54,52.78,501200
2007-07-06,52.66,52.8,52.54,52.63,460700
2007-07-09,52.8,52.89,52.66,52.74,680200
2007-07-10,52.82,52.84,52.75,52.75,439000
2007-07-11,52.9,52.95,52.75,52.85,216800
2007-07-12,53.07,53.4,52.81,53.4,231700
2007-07-13,52.93,53.1,52.8,52.81,109000
2007-07-16,53.16,53.19,52.82,52.87,298300
2007-07-17,53.16,53.26,52.99,53.17,141700
2007-07-18,53.19,53.29,52.75,52.9,321600
2007-07-19,52.96,53.22,52.75,52.9,150400
2007-07-20,52.64,53.0,52.49,52.84,283000
2007-07-23,52.11,52.68,51.67,52.65,519699
2007-07-24,50.93,51.92,50.68,51.8,750366
2007-07-25,50.44,51.37,49.71,51.25,671103
2007-07-26,49.52,50.38,47.09,49.68,1097550
2007-07-27,50.31,50.38,49.39,49.6,893000
2007-07-30,51.0,51.25,50.18,50.32,493800
2007-07-31,50.55,52.16,50.43,50.9,520900
2007-08-01,50.8,50.94,49.54,50.35,620900
2007-08-02,50.37,51.28,50.26,50.89,382444
2007-08-03,48.25,50.4,47.91,50.4,604000
2007-08-06,46.56,48.9,43.63,48.39,1369102
2007-08-07,49.1,49.23,47.0,47.0,1015300
2007-08-08,49.66,50.18,49.12,49.5,664600
2007-08-09,49.23,49.5,48.0,48.75,709400
2007-08-10,48.5,49.0,47.14,48.75,585800
2007-08-13,48.76,49.5,48.58,49.0,297400
2007-08-14,48.1,49.38,48.1,48.95,449700
2007-08-15,48.22,48.76,47.85,48.0,515100
2007-08-16,48.65,49.35,47.81,48.19,803800
2007-08-17,49.43,49.9,48.43,49.9,372300
2007-08-20,50.1,50.79,49.55,49.55,231000
2007-08-21,50.4,51.42,49.75,49.98,255500
2007-08-22,51.1,52.06,50.2,50.3,287700
2007-08-23,50.68,51.2,50.4,51.2,128100
2007-08-24,51.0,51.0,49.65,50.16,372900
2007-08-27,50.47,50.92,50.3,50.85,308300
2007-08-28,49.7,50.02,49.49,49.98,483500
2007-08-29,50.1,50.69,49.8,49.89,162700
2007-08-30,44.95,49.73,41.0,48.5,6668800
2007-08-31,45.89,46.38,45.22,45.29,1071800
2007-09-04,44.22,45.89,44.22,45.7,809500
2007-09-05,43.95,44.49,43.5,43.78,935100
2007-09-06,43.92,45.27,43.86,44.01,537500
2007-09-07,44.8,45.04,43.35,43.5,1360600
2007-09-10,45.4,45.94,44.0,44.7,432500
2007-09-11,45.87,46.33,45.4,45.52,370900
2007-09-12,45.7,46.59,45.6,45.75,1052700
2007-09-13,45.82,46.02,45.3,45.84,347800
2007-09-14,44.53,46.55,42.7,45.36,2135000
2007-09-17,44.4,45.0,44.0,45.0,1128900
2007-09-18,45.45,45.67,44.5,44.55,406100
2007-09-19,46.28,47.15,45.12,46.01,900600
2007-09-20,46.75,46.75,45.8,46.49,337000
2007-09-21,47.6,48.0,45.69,46.83,1331500
2007-09-24,46.5,47.59,46.25,47.5,452400
2007-09-25,45.43,46.49,45.0,46.12,519700
2007-09-26,45.42,45.99,45.24,45.76,297600
2007-09-27,45.51,45.62,44.67,45.5,484600
2007-09-28,46.13,46.29,45.69,45.7,332500
2007-10-01,47.18,47.31,46.1,46.2,517900
2007-10-02,47.22,47.5,47.01,47.32,326000
2007-10-03,48.01,48.16,46.95,46.95,601800
2007-10-04,47.82,48.23,47.63,48.2,281500
2007-10-05,47.83,48.49,47.78,48.24,562300
2007-10-08,47.83,48.24,46.5,47.8,439700
2007-10-09,47.15,47.79,47.08,47.63,314400
2007-10-10,46.89,47.09,46.25,47.09,383300
2007-10-11,47.4,48.11,47.0,47.4,614800
2007-10-12,47.6,47.69,47.2,47.56,373700
2007-10-15,47.16,48.02,46.86,47.46,232700
2007-10-16,46.61,47.47,46.61,47.08,192900
2007-10-17,46.68,47.15,46.68,46.88,177900
2007-10-18,46.42,47.0,46.42,46.5,151400
2007-10-19,45.92,46.5,45.85,46.33,457300
2007-10-22,46.55,46.99,45.6,45.6,208100
2007-10-23,46.89,47.0,45.87,46.9,139500
2007-10-24,47.24,47.46,46.25,46.63,229000
2007-10-25,46.96,47.74,46.75,47.31,239100
2007-10-26,47.02,47.63,46.6,47.51,148800
2007-10-29,46.88,47.2,46.03,47.09,236600
2007-10-30,46.42,46.77,46.0,46.52,153900
2007-10-31,46.2,46.77,46.0,46.66,242500
2007-11-01,45.42,46.21,45.0,45.65,631100
2007-11-02,45.3,45.9,45.2,45.9,280400
2007-11-05,44.88,45.25,44.78,45.25,445622
2007-11-06,45.41,45.67,44.63,44.95,232600
2007-11-07,44.33,45.25,44.19,44.58,483200
2007-11-08,44.15,44.95,43.76,44.28,248800
2007-11-09,42.62,43.5,42.22,43.07,572600
2007-11-12,42.27,43.27,42.1,42.76,454804
2007-11-13,42.5,42.72,42.37,42.53,291800
2007-11-14,42.1,43.0,41.6,42.73,348700
2007-11-15,40.29,41.99,40.0,41.85,608900
2007-11-16,39.23,40.49,38.69,40.33,672650
2007-11-19,29.98,38.74,29.04,38.74,4466000
2007-11-20,31.35,32.14,29.19,29.91,1139430
2007-11-21,32.07,32.41,30.2,31.04,606200
2007-11-23,33.31,33.74,32.0,32.17,217600
2007-11-26,30.17,33.53,30.04,33.48,661343
2007-11-27,25.44,28.55,25.38,27.88,2388230
2007-11-28,26.75,28.44,25.38,25.78,1968171
2007-11-29,29.9,30.67,24.98,25.48,1336942
2007-11-30,31.0,31.9,28.95,30.0,891900
2007-12-03,32.64,33.48,29.76,30.69,1099800
2007-12-04,32.77,32.91,32.1,32.22,469700
2007-12-05,31.83,33.5,31.49,33.28,222200
2007-12-06,32.25,32.5,30.84,31.82,455200
2007-12-07,32.93,33.07,31.79,32.43,235661
2007-12-10,31.5,35.02,30.79,33.11,544870
2007-12-11,31.74,32.15,31.26,31.55,480700
2007-12-12,31.04,33.36,30.23,32.29,733200
2007-12-13,32.12,33.1,30.33,30.67,466408
2007-12-14,35.02,35.37,31.82,31.82,1022000
2007-12-17,34.77,35.68,33.56,34.87,803500
2007-12-18,34.61,35.55,34.0,35.55,456200
2007-12-19,35.3,35.45,34.28,34.85,474500
2007-12-20,35.47,35.96,34.61,35.59,471200
2007-12-21,33.28,35.85,32.16,35.85,1021959
2007-12-24,32.18,33.17,31.15,33.17,515200
2007-12-26,33.0,33.4,32.0,32.26,237577
2007-12-27,33.06,33.87,32.95,33.0,205365
2007-12-28,38.53,39.38,37.0,39.38,2623435
2007-12-31,37.8777,38.48,37.63,38.39,730519
2008-01-02,36.47,37.88,36.11,37.86,439272
2008-01-03,36.6167,36.8,35.75,36.4,285400
2008-01-04,33.0,35.67,33.0,35.67,556484
2008-01-07,31.56,33.22,31.06,33.0,500500
2008-01-08,31.72,32.55,31.39,31.75,926014
2008-01-09,32.76,33.47,31.42,31.74,462400
2008-01-10,32.23,32.58,31.6,32.25,759300
2008-01-11,33.04,33.52,31.52,32.3,422200
2008-01-14,32.89,34.0,32.5,33.3,241800
2008-01-15,30.71,33.64,29.83,32.25,645900
2008-01-16,30.44,31.21,29.8,30.36,398444
2008-01-17,28.91,31.13,28.77,30.56,789200
2008-01-18,28.9,30.22,28.2,29.08,663586
2008-01-22,28.69,30.19,27.7,27.7,618744
2008-01-23,30.0,30.57,27.39,27.83,614467
2008-01-24,29.93,31.53,29.28,30.21,600835
2008-01-25,29.79,30.25,29.24,29.8,631727
2008-01-28,32.2,32.41,29.71,29.79,375139
2008-01-29,32.56,33.48,31.68,32.59,251282
2008-01-30,32.03,33.33,31.83,32.23,255383
2008-01-31,33.36,34.07,30.77,31.5,317139
2008-02-01,33.48,33.68,31.91,33.43,220322
