Price,Close
Ticker,SPY
Date,
1993-01-29,34.18
1993-02-01,34.42
1993-02-02,34.49
1993-02-03,34.86
1993-02-04,35.01
1993-02-05,34.98
1993-02-08,34.98
1993-02-09,34.74
1993-02-10,34.79
1993-02-11,34.96
1993-02-12,34.69
1993-02-16,33.82
1993-02-17,33.79
1993-02-18,33.77
1993-02-19,33.89
1993-02-22,34.01
1993-02-23,33.99
1993-02-24,34.42
1993-02-25,34.49
1993-02-26,34.55
1993-03-01,34.45
1993-03-02,34.96
1993-03-03,35.11
1993-03-04,34.91
1993-03-05,34.81
1993-03-08,35.59
1993-03-09,35.47
1993-03-10,35.54
1993-03-11,35.44
1993-03-12,35.08
1993-03-15,35.25
1993-03-16,35.25
1993-03-17,35.03
1993-03-18,35.25
1993-03-19,35.29
1993-03-22,35.1
1993-03-23,35.17
1993-03-24,35.17
1993-03-25,35.39
1993-03-26,35.2
1993-03-29,35.34
1993-03-30,35.44
1993-03-31,35.42
1993-04-01,35.29
1993-04-02,34.56
1993-04-05,34.73
1993-04-06,34.63
1993-04-07,34.75
1993-04-08,34.7
1993-04-12,35.2
1993-04-13,35.27
1993-04-14,35.22
1993-04-15,35.22
1993-04-16,35.22
1993-04-19,35.07
1993-04-20,34.9
1993-04-21,34.88
1993-04-22,34.44
1993-04-23,34.29
1993-04-26,34.02
1993-04-27,34.39
1993-04-28,34.31
1993-04-29,34.46
1993-04-30,34.51
1993-05-03,34.73
1993-05-04,34.85
1993-05-05,34.95
1993-05-06,34.83
1993-05-07,34.75
1993-05-10,34.83
1993-05-11,34.98
1993-05-12,34.92
1993-05-13,34.51
1993-05-14,34.48
1993-05-17,34.61
1993-05-18,34.59
1993-05-19,35.29
1993-05-20,35.39
1993-05-21,35.07
1993-05-24,35.22
1993-05-25,35.29
1993-05-26,35.73
1993-05-27,35.61
1993-05-28,35.44
1993-06-01,35.79
1993-06-02,35.73
1993-06-03,35.61
1993-06-04,35.49
1993-06-07,35.37
1993-06-08,35.05
1993-06-09,35.17
1993-06-10,35.2
1993-06-11,35.34
1993-06-14,35.29
1993-06-15,35.22
1993-06-16,35.29
1993-06-17,35.42
1993-06-18,35.1
1993-06-21,35.17
1993-06-22,35.2
1993-06-23,34.87
1993-06-24,35.34
1993-06-25,35.32
1993-06-28,35.71
1993-06-29,35.54
1993-06-30,35.54
1993-07-01,35.44
1993-07-02,35.25
1993-07-06,34.87
1993-07-07,34.97
1993-07-08,35.36
1993-07-09,35.47
1993-07-12,35.44
1993-07-13,35.42
1993-07-14,35.54
1993-07-15,35.4
1993-07-16,35.29
1993-07-19,35.27
1993-07-20,35.36
1993-07-21,35.34
1993-07-22,35.1
1993-07-23,35.27
1993-07-26,35.47
1993-07-27,35.44
1993-07-28,35.36
1993-07-29,35.56
1993-07-30,35.36
1993-08-02,35.47
1993-08-03,35.49
1993-08-04,35.49
1993-08-05,35.42
1993-08-06,35.47
1993-08-09,35.66
1993-08-10,35.64
1993-08-11,35.64
1993-08-12,35.54
1993-08-13,35.59
1993-08-16,35.79
1993-08-17,35.91
1993-08-18,36.11
1993-08-19,36.11
1993-08-20,36.13
1993-08-23,36.06
1993-08-24,36.45
1993-08-25,36.48
1993-08-26,36.5
1993-08-27,36.48
1993-08-30,36.63
1993-08-31,36.72
1993-09-01,36.67
1993-09-02,36.55
1993-09-03,36.58
1993-09-07,36.33
1993-09-08,36.21
1993-09-09,36.28
1993-09-10,36.6
1993-09-13,36.63
1993-09-14,36.48
1993-09-15,36.58
1993-09-16,36.43
1993-09-17,36.35
1993-09-20,36.06
1993-09-21,35.93
1993-09-22,36.23
1993-09-23,36.43
1993-09-24,36.33
1993-09-27,36.72
1993-09-28,36.65
1993-09-29,36.53
1993-09-30,36.45
1993-10-01,36.63
1993-10-04,36.68
1993-10-05,36.63
1993-10-06,36.6
1993-10-07,36.5
1993-10-08,36.55
1993-10-11,36.63
1993-10-12,36.68
1993-10-13,36.68
1993-10-14,37.14
1993-10-15,37.34
1993-10-18,37.25
1993-10-19,36.97
1993-10-20,37.03
1993-10-21,36.97
1993-10-22,36.8
1993-10-25,36.9
1993-10-26,36.87
1993-10-27,36.9
1993-10-28,37.17
1993-10-29,37.17
1993-11-01,37.27
1993-11-02,37.25
1993-11-03,36.77
1993-11-04,36.37
1993-11-05,36.55
1993-11-08,36.6
1993-11-09,36.63
1993-11-10,36.9
1993-11-11,36.8
1993-11-12,36.97
1993-11-15,36.95
1993-11-16,37.12
1993-11-17,36.92
1993-11-18,36.83
1993-11-19,36.75
1993-11-22,36.53
1993-11-23,36.72
1993-11-24,36.87
1993-11-26,36.9
1993-11-29,36.75
1993-11-30,36.77
1993-12-01,36.83
1993-12-02,36.92
1993-12-03,37.07
1993-12-06,37.2
1993-12-07,37.17
1993-12-08,37.17
1993-12-09,37.05
1993-12-10,36.97
1993-12-13,37.2
1993-12-14,36.92
1993-12-15,36.87
1993-12-16,37.0
1993-12-17,37.17
1993-12-20,37.23
1993-12-21,37.1
1993-12-22,37.35
1993-12-23,37.32
1993-12-27,37.52
1993-12-28,37.59
1993-12-29,37.55
1993-12-30,37.39
1993-12-31,37.19
1994-01-03,37.1
1994-01-04,37.25
1994-01-05,37.32
1994-01-06,37.32
1994-01-07,37.55
1994-01-10,37.99
1994-01-11,37.92
1994-01-12,37.79
1994-01-13,37.7
1994-01-14,37.85
1994-01-17,37.85
1994-01-18,37.9
1994-01-19,37.79
1994-01-20,37.9
1994-01-21,37.83
1994-01-24,37.67
1994-01-25,37.67
1994-01-26,37.77
1994-01-27,38.12
1994-01-28,38.22
1994-01-31,38.5
1994-02-01,38.3
1994-02-02,38.54
1994-02-03,38.37
1994-02-04,37.5
1994-02-07,37.67
1994-02-08,37.7
1994-02-09,37.85
1994-02-10,37.52
1994-02-11,37.65
1994-02-14,37.7
1994-02-15,37.9
1994-02-16,37.87
1994-02-17,37.65
1994-02-18,37.43
1994-02-22,37.79
1994-02-23,37.7
1994-02-24,37.19
1994-02-25,37.37
1994-02-28,37.37
1994-03-01,37.23
1994-03-02,37.27
1994-03-03,37.17
1994-03-04,37.27
1994-03-07,37.47
1994-03-08,37.32
1994-03-09,37.5
1994-03-10,37.19
1994-03-11,37.39
1994-03-14,37.45
1994-03-15,37.43
1994-03-16,37.72
1994-03-17,37.72
1994-03-18,37.72
1994-03-21,37.62
1994-03-22,37.72
1994-03-23,37.7
1994-03-24,37.25
1994-03-25,36.9
1994-03-28,36.94
1994-03-29,36.21
1994-03-30,35.72
1994-03-31,35.81
1994-04-04,35.27
1994-04-05,35.99
1994-04-06,35.99
1994-04-07,36.17
1994-04-08,35.89
1994-04-11,36.04
1994-04-12,35.99
1994-04-13,35.8
1994-04-14,35.81
1994-04-15,35.81
1994-04-18,35.58
1994-04-19,35.63
1994-04-20,35.59
1994-04-21,36.07
1994-04-22,36.03
1994-04-25,36.41
1994-04-26,36.37
1994-04-28,36.1
1994-04-29,36.21
1994-05-02,36.45
1994-05-03,36.41
1994-05-04,36.34
1994-05-05,36.29
1994-05-06,35.94
1994-05-09,35.63
1994-05-10,35.9
1994-05-11,35.58
1994-05-12,35.76
1994-05-13,35.76
1994-05-16,35.76
1994-05-17,36.29
1994-05-18,36.56
1994-05-19,36.73
1994-05-20,36.59
1994-05-23,36.53
1994-05-24,36.68
1994-05-25,36.78
1994-05-26,36.81
1994-05-27,36.85
1994-05-31,36.79
1994-06-01,36.96
1994-06-02,36.92
1994-06-03,37.13
1994-06-06,37.12
1994-06-07,37.07
1994-06-08,36.77
1994-06-09,36.97
1994-06-10,37.03
1994-06-13,37.08
1994-06-14,37.37
1994-06-15,37.22
1994-06-16,37.3
1994-06-17,37.08
1994-06-20,36.76
1994-06-21,36.44
1994-06-22,36.59
1994-06-23,36.37
1994-06-24,35.61
1994-06-27,36.23
1994-06-28,36.06
1994-06-29,36.17
1994-06-30,35.94
1994-07-01,36.02
1994-07-05,36.21
1994-07-06,36.15
1994-07-07,36.31
1994-07-08,36.3
1994-07-11,36.17
1994-07-12,36.22
1994-07-13,36.28
1994-07-14,36.68
1994-07-15,36.69
1994-07-18,36.75
1994-07-19,36.68
1994-07-20,36.51
1994-07-21,36.59
1994-07-22,36.65
1994-07-25,36.7
1994-07-26,36.66
1994-07-27,36.66
1994-07-28,36.74
1994-07-29,37.11
1994-08-01,37.29
1994-08-02,37.33
1994-08-03,37.34
1994-08-04,37.13
1994-08-05,37.0
1994-08-08,37.09
1994-08-09,37.16
1994-08-10,37.29
1994-08-11,37.16
1994-08-12,37.45
1994-08-15,37.43
1994-08-16,37.7
1994-08-17,37.67
1994-08-18,37.54
1994-08-19,37.52
1994-08-22,37.49
1994-08-23,37.7
1994-08-24,38.1
1994-08-25,38.0
1994-08-26,38.55
1994-08-29,38.52
1994-08-30,38.62
1994-08-31,38.52
1994-09-01,38.39
1994-09-02,38.23
1994-09-06,38.24
1994-09-07,38.21
1994-09-08,38.39
1994-09-09,37.99
1994-09-12,37.88
1994-09-13,37.99
1994-09-14,38.03
1994-09-15,38.51
1994-09-16,38.24
1994-09-19,38.52
1994-09-20,37.79
1994-09-21,37.79
1994-09-22,37.7
1994-09-23,37.57
1994-09-26,37.76
1994-09-27,37.74
1994-09-28,38.03
1994-09-29,37.84
1994-09-30,37.79
1994-10-03,37.7
1994-10-04,37.14
1994-10-05,37.15
1994-10-06,37.03
1994-10-07,37.2
1994-10-10,37.6
1994-10-11,38.16
1994-10-12,38.21
1994-10-13,38.34
1994-10-14,38.51
1994-10-17,38.43
1994-10-18,38.34
1994-10-19,38.52
1994-10-20,38.26
1994-10-21,38.11
1994-10-24,37.79
1994-10-25,37.83
1994-10-26,37.97
1994-10-27,38.2
1994-10-28,39.01
1994-10-31,38.86
1994-11-01,38.43
1994-11-02,38.21
1994-11-03,38.42
1994-11-04,37.92
1994-11-07,38.03
1994-11-08,38.33
1994-11-09,38.39
1994-11-10,38.12
1994-11-11,37.98
1994-11-14,38.34
1994-11-15,38.21
1994-11-16,38.34
1994-11-17,38.08
1994-11-18,38.03
1994-11-21,37.65
1994-11-22,36.83
1994-11-23,37.03
1994-11-25,37.21
1994-11-28,37.38
1994-11-29,37.37
1994-11-30,37.31
1994-12-01,36.94
1994-12-02,37.29
1994-12-05,37.33
1994-12-06,37.35
1994-12-07,37.08
1994-12-08,36.73
1994-12-09,36.87
1994-12-12,37.11
1994-12-13,37.26
1994-12-14,37.44
1994-12-15,37.56
1994-12-16,37.69
1994-12-19,37.74
1994-12-20,37.62
1994-12-21,38.02
1994-12-22,37.91
1994-12-23,37.94
1994-12-27,38.15
1994-12-28,37.96
1994-12-29,37.98
1994-12-30,37.53
1995-01-03,37.71
1995-01-04,37.89
1995-01-05,37.89
1995-01-06,37.93
1995-01-09,37.97
1995-01-10,38.01
1995-01-11,38.03
1995-01-12,38.05
1995-01-13,38.49
1995-01-16,38.73
1995-01-17,38.74
1995-01-18,38.7
1995-01-19,38.48
1995-01-20,38.34
1995-01-23,38.46
1995-01-24,38.51
1995-01-25,38.62
1995-01-26,38.65
1995-01-27,38.81
1995-01-30,38.64
1995-01-31,38.79
1995-02-01,38.78
1995-02-02,39.01
1995-02-03,39.56
1995-02-06,39.73
1995-02-07,39.79
1995-02-08,39.79
1995-02-09,39.79
1995-02-10,39.84
1995-02-13,39.85
1995-02-14,39.9
1995-02-15,40.12
1995-02-16,40.07
1995-02-17,39.91
1995-02-21,39.9
1995-02-22,40.2
1995-02-23,40.26
1995-02-24,40.36
1995-02-27,40.04
1995-02-28,40.38
1995-03-01,40.12
1995-03-02,40.17
1995-03-03,40.18
1995-03-06,40.21
1995-03-07,39.9
1995-03-08,40.0
1995-03-09,39.99
1995-03-10,40.59
1995-03-13,40.54
1995-03-14,40.84
1995-03-15,40.76
1995-03-16,41.01
1995-03-17,41.08
1995-03-20,41.08
1995-03-21,40.98
1995-03-22,41.01
1995-03-23,41.05
1995-03-24,41.63
1995-03-27,41.79
1995-03-28,41.79
1995-03-29,41.78
1995-03-30,41.7
1995-03-31,41.53
1995-04-03,41.63
1995-04-04,41.91
1995-04-05,41.91
1995-04-06,42.06
1995-04-07,42.02
1995-04-10,42.11
1995-04-11,41.97
1995-04-12,42.11
1995-04-13,42.34
1995-04-17,42.09
1995-04-18,41.95
1995-04-19,41.91
1995-04-20,41.97
1995-04-21,42.18
1995-04-24,42.67
1995-04-25,42.55
1995-04-26,42.6
1995-04-27,42.7
1995-04-28,42.76
1995-05-01,42.64
1995-05-02,42.74
1995-05-03,43.33
1995-05-04,43.31
1995-05-05,43.26
1995-05-08,43.56
1995-05-09,43.53
1995-05-10,43.58
1995-05-11,43.7
1995-05-12,43.72
1995-05-15,43.93
1995-05-16,43.95
1995-05-17,43.79
1995-05-18,43.15
1995-05-19,43.18
1995-05-22,43.66
1995-05-23,44.06
1995-05-24,44.04
1995-05-25,44.07
1995-05-26,43.56
1995-05-30,43.56
1995-05-31,44.46
1995-06-01,44.34
1995-06-02,44.39
1995-06-05,44.66
1995-06-06,44.58
1995-06-07,44.34
1995-06-08,44.24
1995-06-09,43.98
1995-06-12,44.23
1995-06-13,44.71
1995-06-14,44.67
1995-06-15,44.87
1995-06-16,44.99
1995-06-19,45.5
1995-06-20,45.38
1995-06-21,45.36
1995-06-22,45.96
1995-06-23,45.87
1995-06-26,45.32
1995-06-27,45.22
1995-06-28,45.46
1995-06-29,45.38
1995-06-30,45.36
1995-07-03,45.52
1995-07-05,45.69
1995-07-06,46.28
1995-07-07,46.49
1995-07-10,46.52
1995-07-11,46.29
1995-07-12,46.87
1995-07-13,46.76
1995-07-14,46.73
1995-07-17,46.98
1995-07-18,46.58
1995-07-19,46.08
1995-07-20,46.24
1995-07-21,46.19
1995-07-24,46.53
1995-07-25,46.88
1995-07-26,46.84
1995-07-27,47.23
1995-07-28,46.93
1995-07-31,46.82
1995-08-01,46.73
1995-08-02,46.63
1995-08-03,46.62
1995-08-04,46.67
1995-08-07,46.78
1995-08-08,46.78
1995-08-09,46.76
1995-08-10,46.66
1995-08-11,46.4
1995-08-14,46.82
1995-08-15,46.73
1995-08-16,46.85
1995-08-17,46.78
1995-08-18,46.83
1995-08-21,46.7
1995-08-22,46.79
1995-08-23,46.62
1995-08-24,46.67
1995-08-25,46.93
1995-08-28,46.76
1995-08-29,46.88
1995-08-30,46.98
1995-08-31,47.03
1995-09-01,47.23
1995-09-05,47.68
1995-09-06,47.77
1995-09-07,47.79
1995-09-08,47.98
1995-09-11,48.1
1995-09-12,48.33
1995-09-13,48.54
1995-09-14,48.99
1995-09-15,48.98
1995-09-18,48.79
1995-09-19,49.03
1995-09-20,49.26
1995-09-21,48.86
1995-09-22,48.87
1995-09-25,48.79
1995-09-26,48.77
1995-09-27,48.74
1995-09-28,49.1
1995-09-29,49.01
1995-10-02,48.77
1995-10-03,48.82
1995-10-04,48.77
1995-10-05,48.91
1995-10-06,48.95
1995-10-09,48.54
1995-10-10,48.52
1995-10-11,48.67
1995-10-12,48.98
1995-10-13,49.14
1995-10-16,48.89
1995-10-17,49.22
1995-10-18,49.37
1995-10-19,49.6
1995-10-20,49.3
1995-10-23,49.19
1995-10-24,49.25
1995-10-25,48.84
1995-10-26,48.4
1995-10-27,48.77
1995-10-30,49.08
1995-10-31,48.87
1995-11-01,49.26
1995-11-02,49.58
1995-11-03,49.64
1995-11-06,49.47
1995-11-07,49.29
1995-11-08,49.73
1995-11-09,49.91
1995-11-10,49.89
1995-11-13,49.84
1995-11-14,49.51
1995-11-15,50.01
1995-11-16,50.28
1995-11-17,50.44
1995-11-20,50.18
1995-11-21,50.59
1995-11-22,50.43
1995-11-24,50.56
1995-11-27,50.57
1995-11-28,51.1
1995-11-29,51.16
1995-11-30,51.05
1995-12-01,51.1
1995-12-04,51.73
1995-12-05,52.08
1995-12-06,52.19
1995-12-07,51.92
1995-12-08,52.09
1995-12-11,52.31
1995-12-12,52.15
1995-12-13,52.49
1995-12-14,52.1
1995-12-15,52.06
1995-12-18,51.07
1995-12-19,51.61
1995-12-20,51.1
1995-12-21,51.36
1995-12-22,51.55
1995-12-26,51.8
1995-12-27,51.78
1995-12-28,51.73
1995-12-29,51.79
1996-01-02,52.34
1996-01-03,52.49
1996-01-04,51.99
1996-01-05,51.88
1996-01-08,52.08
1996-01-09,51.19
1996-01-10,50.51
1996-01-11,50.82
1996-01-12,50.73
1996-01-15,50.63
1996-01-16,51.25
1996-01-17,51.1
1996-01-18,51.26
1996-01-19,51.61
1996-01-22,51.62
1996-01-23,51.74
1996-01-24,52.16
1996-01-25,51.97
1996-01-26,52.42
1996-01-29,52.63
1996-01-30,53.08
1996-01-31,53.63
1996-02-01,53.83
1996-02-02,53.61
1996-02-05,54.04
1996-02-06,54.56
1996-02-07,54.87
1996-02-08,55.46
1996-02-09,55.45
1996-02-12,55.87
1996-02-13,55.75
1996-02-14,55.26
1996-02-15,54.92
1996-02-16,54.7
1996-02-20,54.16
1996-02-21,54.83
1996-02-22,55.69
1996-02-23,55.54
1996-02-26,54.75
1996-02-27,54.58
1996-02-28,54.33
1996-02-29,53.81
1996-03-01,54.66
1996-03-04,54.98
1996-03-05,55.48
1996-03-06,55.0
1996-03-07,55.27
1996-03-08,53.49
1996-03-11,54.1
1996-03-12,53.68
1996-03-13,54.05
1996-03-14,54.29
1996-03-15,54.28
1996-03-18,55.33
1996-03-19,55.21
1996-03-20,55.14
1996-03-21,55.01
1996-03-22,55.16
1996-03-25,55.05
1996-03-26,55.31
1996-03-27,54.81
1996-03-28,55.03
1996-03-29,54.76
1996-04-01,55.4
1996-04-02,55.5
1996-04-03,55.5
1996-04-04,55.47
1996-04-08,54.51
1996-04-09,54.3
1996-04-10,53.33
1996-04-11,53.27
1996-04-12,53.94
1996-04-15,54.39
1996-04-16,54.55
1996-04-17,54.42
1996-04-18,54.49
1996-04-19,54.63
1996-04-22,55.05
1996-04-23,55.22
1996-04-24,55.03
1996-04-25,55.28
1996-04-26,55.4
1996-04-29,55.4
1996-04-30,55.36
1996-05-01,55.47
1996-05-02,54.53
1996-05-03,54.44
1996-05-06,54.39
1996-05-07,54.16
1996-05-08,54.84
1996-05-09,54.8
1996-05-10,55.34
1996-05-13,56.18
1996-05-14,56.52
1996-05-15,56.46
1996-05-16,56.58
1996-05-17,56.88
1996-05-20,57.26
1996-05-21,57.18
1996-05-22,57.73
1996-05-23,57.49
1996-05-24,57.71
1996-05-28,57.13
1996-05-29,56.74
1996-05-30,57.03
1996-05-31,56.61
1996-06-03,56.77
1996-06-04,57.17
1996-06-05,57.67
1996-06-06,57.24
1996-06-07,57.24
1996-06-10,57.07
1996-06-11,57.01
1996-06-12,56.91
1996-06-13,56.91
1996-06-14,56.67
1996-06-17,56.63
1996-06-18,56.16
1996-06-19,56.41
1996-06-20,56.37
1996-06-21,56.84
1996-06-24,56.95
1996-06-25,56.88
1996-06-26,56.5
1996-06-27,56.89
1996-06-28,57.09
1996-07-01,57.58
1996-07-02,57.37
1996-07-03,57.25
1996-07-05,55.79
1996-07-08,55.56
1996-07-09,55.79
1996-07-10,56.01
1996-07-11,54.89
1996-07-12,54.92
1996-07-15,53.31
1996-07-16,53.43
1996-07-17,54.07
1996-07-18,54.82
1996-07-19,54.42
1996-07-22,54.02
1996-07-23,53.33
1996-07-24,53.43
1996-07-25,53.92
1996-07-26,54.21
1996-07-29,53.61
1996-07-30,54.13
1996-07-31,54.52
1996-08-01,55.43
1996-08-02,56.62
1996-08-05,56.29
1996-08-06,56.46
1996-08-07,56.61
1996-08-08,56.52
1996-08-09,56.33
1996-08-12,56.74
1996-08-13,56.29
1996-08-14,56.5
1996-08-15,56.38
1996-08-16,56.86
1996-08-19,56.89
1996-08-20,56.85
1996-08-21,56.65
1996-08-22,57.18
1996-08-23,56.88
1996-08-26,56.6
1996-08-27,56.81
1996-08-28,56.72
1996-08-29,56.16
1996-08-30,55.58
1996-09-03,55.93
1996-09-04,55.98
1996-09-05,55.31
1996-09-06,56.1
1996-09-09,56.76
1996-09-10,56.73
1996-09-11,57.05
1996-09-12,57.45
1996-09-13,58.32
1996-09-16,58.54
1996-09-17,58.41
1996-09-18,58.26
1996-09-19,58.49
1996-09-20,58.39
1996-09-23,58.38
1996-09-24,58.37
1996-09-25,58.41
1996-09-26,58.38
1996-09-27,58.43
1996-09-30,58.38
1996-10-01,58.7
1996-10-02,59.1
1996-10-03,59.05
1996-10-04,59.84
1996-10-07,59.91
1996-10-08,59.67
1996-10-09,59.2
1996-10-10,59.08
1996-10-11,59.81
1996-10-14,59.9
1996-10-15,59.81
1996-10-16,60.11
1996-10-17,60.26
1996-10-18,60.59
1996-10-21,60.5
1996-10-22,60.08
1996-10-23,60.28
1996-10-24,59.76
1996-10-25,59.81
1996-10-28,59.41
1996-10-29,59.9
1996-10-30,59.69
1996-10-31,60.26
1996-11-01,60.05
1996-11-04,60.45
1996-11-05,60.8
1996-11-06,61.97
1996-11-07,62.12
1996-11-08,62.46
1996-11-11,62.39
1996-11-12,62.2
1996-11-13,62.48
1996-11-14,62.9
1996-11-15,62.98
1996-11-18,62.99
1996-11-19,63.45
1996-11-20,63.55
1996-11-21,63.45
1996-11-22,63.95
1996-11-25,64.76
1996-11-26,64.54
1996-11-27,64.42
1996-11-29,64.67
1996-12-02,64.7
1996-12-03,63.59
1996-12-04,63.76
1996-12-05,63.59
1996-12-06,63.22
1996-12-09,64.15
1996-12-10,63.85
1996-12-11,63.26
1996-12-12,62.2
1996-12-13,62.37
1996-12-16,61.57
1996-12-17,62.06
1996-12-18,62.55
1996-12-19,63.85
1996-12-20,63.94
1996-12-23,63.79
1996-12-24,64.25
1996-12-26,64.75
1996-12-27,64.82
1996-12-30,64.27
1996-12-31,63.09
1997-01-02,63.25
1997-01-03,64.16
1997-01-06,63.6
1997-01-07,64.37
1997-01-08,63.82
1997-01-09,64.35
1997-01-10,65.04
1997-01-13,64.95
1997-01-14,65.76
1997-01-15,65.6
1997-01-16,65.87
1997-01-17,66.27
1997-01-20,66.35
1997-01-21,66.88
1997-01-22,67.36
1997-01-23,66.43
1997-01-24,65.58
1997-01-27,65.39
1997-01-28,65.58
1997-01-29,66.22
1997-01-30,67.07
1997-01-31,66.99
1997-02-03,67.19
1997-02-04,67.6
1997-02-05,66.34
1997-02-06,66.78
1997-02-07,67.69
1997-02-10,67.05
1997-02-11,67.81
1997-02-12,68.78
1997-02-13,69.52
1997-02-14,69.37
1997-02-18,69.95
1997-02-19,69.49
1997-02-20,68.64
1997-02-21,68.67
1997-02-24,69.49
1997-02-25,69.54
1997-02-26,68.86
1997-02-27,67.83
1997-02-28,67.63
1997-03-03,68.09
1997-03-04,67.71
1997-03-05,68.86
1997-03-06,68.45
1997-03-07,69.07
1997-03-10,69.8
1997-03-11,69.42
1997-03-12,68.81
1997-03-13,67.74
1997-03-14,68.09
1997-03-17,68.28
1997-03-18,67.54
1997-03-19,67.31
1997-03-20,66.96
1997-03-21,67.31
1997-03-24,68.25
1997-03-25,67.58
1997-03-26,67.87
1997-03-27,66.08
1997-03-31,64.68
1997-04-01,65.1
1997-04-02,63.93
1997-04-03,64.28
1997-04-04,65.08
1997-04-07,65.34
1997-04-08,65.81
1997-04-09,65.27
1997-04-10,65.03
1997-04-11,62.96
1997-04-14,63.81
1997-04-15,64.89
1997-04-16,65.65
1997-04-17,65.38
1997-04-18,65.7
1997-04-21,65.27
1997-04-22,66.7
1997-04-23,66.77
1997-04-24,66.44
1997-04-25,65.67
1997-04-28,66.32
1997-04-29,68.41
1997-04-30,68.73
1997-05-01,68.65
1997-05-02,69.89
1997-05-05,71.54
1997-05-06,71.49
1997-05-07,69.94
1997-05-08,70.42
1997-05-09,70.9
1997-05-12,72.08
1997-05-13,71.79
1997-05-14,71.92
1997-05-15,72.4
1997-05-16,71.41
1997-05-19,71.63
1997-05-20,72.49
1997-05-21,72.32
1997-05-22,72.08
1997-05-23,72.75
1997-05-27,73.04
1997-05-28,73.04
1997-05-29,72.61
1997-05-30,73.08
1997-06-02,72.75
1997-06-03,72.51
1997-06-04,72.43
1997-06-05,72.7
1997-06-06,74.12
1997-06-09,74.49
1997-06-10,74.73
1997-06-11,74.9
1997-06-12,76.35
1997-06-13,76.99
1997-06-16,77.02
1997-06-17,76.91
1997-06-18,76.64
1997-06-19,77.43
1997-06-20,77.16
1997-06-23,75.29
1997-06-24,77.2
1997-06-25,76.66
1997-06-26,76.28
1997-06-27,76.58
1997-06-30,76.07
1997-07-01,76.96
1997-07-02,78.22
1997-07-03,79.3
1997-07-07,78.49
1997-07-08,79.32
1997-07-09,78.44
1997-07-10,78.79
1997-07-11,79.06
1997-07-14,79.3
1997-07-15,79.7
1997-07-16,80.75
1997-07-17,80.35
1997-07-18,78.64
1997-07-21,78.65
1997-07-22,80.74
1997-07-23,80.68
1997-07-24,81.05
1997-07-25,80.99
1997-07-28,80.94
1997-07-29,81.21
1997-07-30,82.18
1997-07-31,82.1
1997-08-01,81.78
1997-08-04,81.99
1997-08-05,82.05
1997-08-06,82.72
1997-08-07,82.1
1997-08-08,80.43
1997-08-11,81.02
1997-08-12,79.73
1997-08-13,79.49
1997-08-14,79.78
1997-08-15,77.33
1997-08-18,79.06
1997-08-19,79.97
1997-08-20,81.18
1997-08-21,79.75
1997-08-22,79.73
1997-08-25,79.44
1997-08-26,78.26
1997-08-27,78.74
1997-08-28,77.54
1997-08-29,77.84
1997-09-02,80.37
1997-09-03,79.94
1997-09-04,80.46
1997-09-05,80.23
1997-09-08,80.58
1997-09-09,80.62
1997-09-10,78.95
1997-09-11,78.55
1997-09-12,79.81
1997-09-15,79.68
1997-09-16,81.67
1997-09-17,81.67
1997-09-18,82.02
1997-09-19,82.16
1997-09-22,82.62
1997-09-23,82.24
1997-09-24,81.56
1997-09-25,81.0
1997-09-26,81.67
1997-09-29,82.45
1997-09-30,81.59
1997-10-01,82.67
1997-10-02,83.14
1997-10-03,83.55
1997-10-06,84.1
1997-10-07,84.89
1997-10-08,84.29
1997-10-09,84.0
1997-10-10,83.75
1997-10-13,83.84
1997-10-14,83.86
1997-10-15,83.67
1997-10-16,82.35
1997-10-17,81.51
1997-10-20,82.67
1997-10-21,84.28
1997-10-22,83.72
1997-10-23,82.08
1997-10-24,81.27
1997-10-27,75.38
1997-10-28,79.73
1997-10-29,79.51
1997-10-30,77.76
1997-10-31,79.59
1997-11-03,81.27
1997-11-04,81.27
1997-11-05,81.54
1997-11-06,81.22
1997-11-07,80.35
1997-11-10,79.86
1997-11-11,79.89
1997-11-12,78.24
1997-11-13,79.37
1997-11-14,80.46
1997-11-17,81.94
1997-11-18,81.43
1997-11-19,81.84
1997-11-20,83.07
1997-11-21,83.65
1997-11-24,82.13
1997-11-25,82.35
1997-11-26,82.59
1997-11-28,82.67
1997-12-01,84.8
1997-12-02,84.29
1997-12-03,84.54
1997-12-04,84.46
1997-12-05,85.54
1997-12-08,85.3
1997-12-09,84.78
1997-12-10,84.05
1997-12-11,82.62
1997-12-12,82.78
1997-12-15,83.62
1997-12-16,84.13
1997-12-17,83.7
1997-12-18,82.88
1997-12-19,82.24
1997-12-22,82.77
1997-12-23,81.29
1997-12-24,81.05
1997-12-26,81.37
1997-12-29,82.97
1997-12-30,84.27
1997-12-31,84.22
1998-01-02,84.65
1998-01-05,84.84
1998-01-06,83.49
1998-01-07,83.7
1998-01-08,82.97
1998-01-09,80.09
1998-01-12,81.56
1998-01-13,82.7
1998-01-14,83.08
1998-01-15,82.39
1998-01-16,83.57
1998-01-20,84.92
1998-01-21,84.11
1998-01-22,83.37
1998-01-23,83.24
1998-01-26,83.18
1998-01-27,84.03
1998-01-28,84.79
1998-01-29,85.25
1998-01-30,85.3
1998-02-02,86.72
1998-02-03,87.37
1998-02-04,87.25
1998-02-05,87.2
1998-02-06,88.17
1998-02-09,87.88
1998-02-10,88.72
1998-02-11,88.64
1998-02-12,89.01
1998-02-13,88.5
1998-02-17,88.94
1998-02-18,89.75
1998-02-19,89.27
1998-02-20,89.94
1998-02-23,90.29
1998-02-24,89.59
1998-02-25,90.7
1998-02-26,91.21
1998-02-27,91.21
1998-03-02,91.03
1998-03-03,91.54
1998-03-04,90.94
1998-03-05,90.1
1998-03-06,91.92
1998-03-09,91.59
1998-03-10,92.46
1998-03-11,92.89
1998-03-12,93.27
1998-03-13,92.92
1998-03-16,93.93
1998-03-17,94.19
1998-03-18,94.55
1998-03-19,94.79
1998-03-20,95.64
1998-03-23,95.42
1998-03-24,96.24
1998-03-25,95.89
1998-03-26,95.83
1998-03-27,95.42
1998-03-30,95.37
1998-03-31,95.7
1998-04-01,96.47
1998-04-02,97.52
1998-04-03,98.0
1998-04-06,97.22
1998-04-07,96.57
1998-04-08,96.02
1998-04-09,96.78
1998-04-13,96.51
1998-04-14,97.32
1998-04-15,97.59
1998-04-16,96.45
1998-04-17,97.73
1998-04-20,97.71
1998-04-21,98.17
1998-04-22,98.44
1998-04-23,97.49
1998-04-24,96.45
1998-04-27,94.63
1998-04-28,94.5
1998-04-29,95.15
1998-04-30,96.92
1998-05-01,98.0
1998-05-04,97.76
1998-05-05,97.08
1998-05-06,95.94
1998-05-07,95.17
1998-05-08,96.72
1998-05-11,96.4
1998-05-12,97.44
1998-05-13,97.68
1998-05-14,97.19
1998-05-15,96.65
1998-05-18,96.26
1998-05-19,96.92
1998-05-20,97.85
1998-05-21,97.22
1998-05-22,96.84
1998-05-26,95.29
1998-05-27,95.42
1998-05-28,95.85
1998-05-29,94.9
1998-06-01,95.34
1998-06-02,95.42
1998-06-03,93.9
1998-06-04,95.64
1998-06-05,97.49
1998-06-08,97.38
1998-06-09,97.68
1998-06-10,97.05
1998-06-11,95.24
1998-06-12,96.13
1998-06-15,93.6
1998-06-16,95.04
1998-06-17,97.03
1998-06-18,96.59
1998-06-19,96.1
1998-06-22,96.57
1998-06-23,97.72
1998-06-24,99.03
1998-06-25,98.86
1998-06-26,99.27
1998-06-29,99.62
1998-06-30,98.94
1998-07-01,100.08
1998-07-02,100.28
1998-07-06,101.29
1998-07-07,101.1
1998-07-08,101.83
1998-07-09,101.15
1998-07-10,101.7
1998-07-13,101.73
1998-07-14,102.87
1998-07-15,102.68
1998-07-16,103.39
1998-07-17,103.52
1998-07-20,103.52
1998-07-21,101.73
1998-07-22,101.73
1998-07-23,99.71
1998-07-24,99.62
1998-07-27,100.34
1998-07-28,98.64
1998-07-29,98.26
1998-07-30,99.74
1998-07-31,97.6
1998-08-03,97.19
1998-08-04,93.43
1998-08-05,94.71
1998-08-06,95.12
1998-08-07,95.28
1998-08-10,94.74
1998-08-11,93.32
1998-08-12,94.91
1998-08-13,93.75
1998-08-14,92.66
1998-08-17,94.63
1998-08-18,96.37
1998-08-19,96.13
1998-08-20,95.56
1998-08-21,94.79
1998-08-24,95.4
1998-08-25,95.61
1998-08-26,95.06
1998-08-27,90.59
1998-08-28,90.26
1998-08-31,83.83
1998-09-01,87.37
1998-09-02,86.74
1998-09-03,86.06
1998-09-04,85.35
1998-09-08,89.94
1998-09-09,87.76
1998-09-10,86.01
1998-09-11,88.79
1998-09-14,90.32
1998-09-15,90.86
1998-09-16,91.68
1998-09-17,89.06
1998-09-18,89.45
1998-09-21,89.4
1998-09-22,90.13
1998-09-23,93.75
1998-09-24,91.45
1998-09-25,91.34
1998-09-28,92.16
1998-09-29,91.95
1998-09-30,89.15
1998-10-01,86.57
1998-10-02,88.25
1998-10-05,86.47
1998-10-06,86.38
1998-10-07,85.09
1998-10-08,84.63
1998-10-09,86.33
1998-10-12,87.59
1998-10-13,87.28
1998-10-14,88.11
1998-10-15,92.85
1998-10-16,92.87
1998-10-19,93.2
1998-10-20,93.75
1998-10-21,93.42
1998-10-22,94.82
1998-10-23,93.61
1998-10-26,94.29
1998-10-27,93.75
1998-10-28,93.58
1998-10-29,95.86
1998-10-30,96.38
1998-11-02,98.02
1998-11-03,97.31
1998-11-04,98.35
1998-11-05,99.69
1998-11-06,99.99
1998-11-09,99.28
1998-11-10,99.01
1998-11-11,98.35
1998-11-12,98.24
1998-11-13,99.2
1998-11-16,99.94
1998-11-17,99.94
1998-11-18,100.54
1998-11-19,101.42
1998-11-20,102.18
1998-11-23,104.59
1998-11-24,103.93
1998-11-25,103.93
1998-11-27,104.7
1998-11-30,101.74
1998-12-01,103.06
1998-12-02,102.76
1998-12-03,101.06
1998-12-04,103.71
1998-12-07,104.21
1998-12-08,103.75
1998-12-09,103.93
1998-12-10,102.42
1998-12-11,102.62
1998-12-14,99.66
1998-12-15,102.24
1998-12-16,102.1
1998-12-17,103.73
1998-12-18,104.13
1998-12-21,105.59
1998-12-22,106.06
1998-12-23,108.28
1998-12-24,107.81
1998-12-28,107.53
1998-12-29,109.24
1998-12-30,108.36
1998-12-31,108.36
1999-01-04,108.11
1999-01-05,109.35
1999-01-06,111.99
1999-01-07,111.44
1999-01-08,112.26
1999-01-11,111.19
1999-01-12,109.19
1999-01-13,108.41
1999-01-14,106.52
1999-01-15,109.29
1999-01-19,110.01
1999-01-20,110.89
1999-01-21,107.95
1999-01-22,107.7
1999-01-25,108.8
1999-01-26,110.78
1999-01-27,109.48
1999-01-28,111.33
1999-01-29,112.18
1999-02-01,111.52
1999-02-02,110.83
1999-02-03,111.96
1999-02-04,110.28
1999-02-05,109.02
1999-02-08,109.24
1999-02-09,106.8
1999-02-10,107.48
1999-02-11,109.95
1999-02-12,108.63
1999-02-16,107.97
1999-02-17,107.87
1999-02-18,108.72
1999-02-19,109.19
1999-02-22,112.09
1999-02-23,112.04
1999-02-24,110.06
1999-02-25,109.02
1999-02-26,108.58
1999-03-01,108.89
1999-03-02,107.92
1999-03-03,108.5
1999-03-04,109.87
1999-03-05,112.09
1999-03-08,112.81
1999-03-09,112.53
1999-03-10,113.53
1999-03-11,114.79
1999-03-12,113.69
1999-03-15,115.31
1999-03-16,114.87
1999-03-17,114.38
1999-03-18,116.22
1999-03-19,114.27
1999-03-22,114.49
1999-03-23,111.19
1999-03-24,111.82
1999-03-25,114.11
1999-03-26,113.28
1999-03-29,115.57
1999-03-30,114.96
1999-03-31,113.12
1999-04-01,113.96
1999-04-05,116.67
1999-04-06,116.39
1999-04-07,117.33
1999-04-08,118.81
1999-04-09,118.85
1999-04-12,120.11
1999-04-13,119.34
1999-04-14,117.33
1999-04-15,116.89
1999-04-16,115.89
1999-04-19,114.11
1999-04-20,115.54
1999-04-21,118.85
1999-04-22,119.97
1999-04-23,119.67
1999-04-26,120.35
1999-04-27,120.93
1999-04-28,119.29
1999-04-29,118.37
1999-04-30,117.41
1999-05-03,119.56
1999-05-04,117.85
1999-05-05,118.78
1999-05-06,118.05
1999-05-07,118.95
1999-05-10,118.36
1999-05-11,119.56
1999-05-12,120.49
1999-05-13,121.01
1999-05-14,117.88
1999-05-17,118.24
1999-05-18,118.02
1999-05-19,118.87
1999-05-20,118.15
1999-05-21,117.49
1999-05-24,115.54
1999-05-25,113.66
1999-05-26,114.93
1999-05-27,113.28
1999-05-28,114.72
1999-06-01,114.33
1999-06-02,114.44
1999-06-03,115.07
1999-06-04,117.38
1999-06-07,117.68
1999-06-08,116.53
1999-06-09,116.42
1999-06-10,115.35
1999-06-11,114.38
1999-06-14,114.49
1999-06-15,115.26
1999-06-16,117.46
1999-06-17,118.56
1999-06-18,118.66
1999-06-21,118.94
1999-06-22,118.11
1999-06-23,117.53
1999-06-24,116.64
1999-06-25,116.35
1999-06-28,117.77
1999-06-29,118.88
1999-06-30,121.03
1999-07-01,121.94
1999-07-02,123.16
1999-07-06,123.14
1999-07-07,123.3
1999-07-08,123.39
1999-07-09,124.13
1999-07-12,123.58
1999-07-13,123.14
1999-07-14,123.83
1999-07-15,124.61
1999-07-16,125.28
1999-07-19,124.46
1999-07-20,121.9
1999-07-21,121.77
1999-07-22,120.17
1999-07-23,119.93
1999-07-26,119.05
1999-07-27,120.04
1999-07-28,120.42
1999-07-29,118.75
1999-07-30,117.28
1999-08-02,117.55
1999-08-03,117.01
1999-08-04,115.41
1999-08-05,116.45
1999-08-06,115.19
1999-08-09,114.93
1999-08-10,113.67
1999-08-11,115.04
1999-08-12,114.97
1999-08-13,117.64
1999-08-16,118.16
1999-08-17,118.94
1999-08-18,118.08
1999-08-19,117.11
1999-08-20,118.3
1999-08-23,120.57
1999-08-24,121.01
1999-08-25,122.25
1999-08-26,120.79
1999-08-27,119.32
1999-08-30,117.11
1999-08-31,116.67
1999-09-01,118.11
1999-09-02,116.71
1999-09-03,120.12
1999-09-07,119.68
1999-09-08,119.1
1999-09-09,119.05
1999-09-10,120.04
1999-09-13,119.22
1999-09-14,118.44
1999-09-15,116.56
1999-09-16,117.01
1999-09-17,118.48
1999-09-20,118.31
1999-09-21,115.82
1999-09-22,115.7
1999-09-23,113.27
1999-09-24,113.17
1999-09-27,113.91
1999-09-28,113.69
1999-09-29,112.33
1999-09-30,114.05
1999-10-01,113.8
1999-10-04,115.82
1999-10-05,115.72
1999-10-06,117.49
1999-10-07,116.82
1999-10-08,118.6
1999-10-11,118.4
1999-10-12,116.57
1999-10-13,113.56
1999-10-14,113.53
1999-10-15,110.61
1999-10-18,111.42
1999-10-19,112.5
1999-10-20,113.61
1999-10-21,114.27
1999-10-22,115.24
1999-10-25,114.66
1999-10-26,113.22
1999-10-27,115.27
1999-10-28,119.2
1999-10-29,121.36
1999-11-01,120.08
1999-11-02,119.22
1999-11-03,120.03
1999-11-04,120.94
1999-11-05,122.14
1999-11-08,122.25
1999-11-09,121.09
1999-11-10,122.0
1999-11-11,122.69
1999-11-12,123.8
1999-11-15,124.09
1999-11-16,125.12
1999-11-17,125.46
1999-11-18,126.35
1999-11-19,126.23
1999-11-22,126.2
1999-11-23,125.1
1999-11-24,125.76
1999-11-26,125.29
1999-11-29,124.85
1999-11-30,123.38
1999-12-01,124.38
1999-12-02,125.12
1999-12-03,127.42
1999-12-06,126.48
1999-12-07,125.46
1999-12-08,124.65
1999-12-09,125.27
1999-12-10,125.68
1999-12-13,125.9
1999-12-14,124.68
1999-12-15,125.35
1999-12-16,125.9
1999-12-17,126.71
1999-12-20,125.8
1999-12-21,127.7
1999-12-22,128.04
1999-12-23,130.08
1999-12-27,129.9
1999-12-28,129.82
1999-12-29,130.37
1999-12-30,130.22
1999-12-31,130.43
2000-01-03,129.15
2000-01-04,124.1
2000-01-05,124.32
2000-01-06,122.32
2000-01-07,129.43
2000-01-10,129.87
2000-01-11,128.32
2000-01-12,127.04
2000-01-13,128.76
2000-01-14,130.51
2000-01-18,129.48
2000-01-19,130.54
2000-01-20,128.54
2000-01-21,128.26
2000-01-24,124.62
2000-01-25,126.04
2000-01-26,125.04
2000-01-27,124.54
2000-01-28,120.66
2000-01-31,123.93
2000-02-01,125.16
2000-02-02,125.26
2000-02-03,127.15
2000-02-04,126.62
2000-02-07,126.43
2000-02-08,128.15
2000-02-09,125.46
2000-02-10,125.71
2000-02-11,123.16
2000-02-14,123.88
2000-02-15,125.28
2000-02-16,123.43
2000-02-17,122.79
2000-02-18,120.16
2000-02-22,119.85
2000-02-23,121.27
2000-02-24,118.82
2000-02-25,118.4
2000-02-28,120.88
2000-02-29,122.05
2000-03-01,122.94
2000-03-02,123.02
2000-03-03,125.32
2000-03-06,124.1
2000-03-07,121.7
2000-03-08,121.55
2000-03-09,125.1
2000-03-10,124.44
2000-03-13,123.07
2000-03-14,121.33
2000-03-15,124.15
2000-03-16,129.95
2000-03-17,130.82
2000-03-20,130.15
2000-03-21,132.82
2000-03-22,133.62
2000-03-23,135.91
2000-03-24,136.71
2000-03-27,135.27
2000-03-28,134.48
2000-03-29,134.63
2000-03-30,132.37
2000-03-31,133.88
2000-04-03,134.65
2000-04-04,133.66
2000-04-05,132.82
2000-04-06,133.97
2000-04-07,134.82
2000-04-10,134.29
2000-04-11,133.9
2000-04-12,130.23
2000-04-13,128.42
2000-04-14,121.08
2000-04-17,125.3
2000-04-18,128.62
2000-04-19,127.42
2000-04-20,128.03
2000-04-24,126.64
2000-04-25,131.9
2000-04-26,130.41
2000-04-27,129.98
2000-04-28,129.17
2000-05-01,130.92
2000-05-02,128.31
2000-05-03,125.3
2000-05-04,126.25
2000-05-05,127.78
2000-05-08,126.82
2000-05-09,125.8
2000-05-10,122.97
2000-05-11,125.78
2000-05-12,127.14
2000-05-15,129.34
2000-05-16,130.59
2000-05-17,129.23
2000-05-18,127.65
2000-05-19,125.64
2000-05-22,124.69
2000-05-23,122.86
2000-05-24,124.86
2000-05-25,122.71
2000-05-26,122.86
2000-05-30,126.86
2000-05-31,127.14
2000-06-01,129.36
2000-06-02,131.62
2000-06-05,130.98
2000-06-06,130.4
2000-06-07,131.3
2000-06-08,130.79
2000-06-09,130.5
2000-06-12,128.98
2000-06-13,131.39
2000-06-14,131.62
2000-06-15,131.9
2000-06-16,130.81
2000-06-19,132.49
2000-06-20,132.02
2000-06-21,131.96
2000-06-22,129.95
2000-06-23,128.84
2000-06-26,130.49
2000-06-27,129.54
2000-06-28,129.89
2000-06-29,128.67
2000-06-30,129.64
2000-07-03,131.43
2000-07-05,129.06
2000-07-06,130.06
2000-07-07,132.15
2000-07-10,131.93
2000-07-11,132.21
2000-07-12,133.08
2000-07-13,133.66
2000-07-14,134.97
2000-07-17,134.75
2000-07-18,133.65
2000-07-19,132.57
2000-07-20,134.42
2000-07-21,131.79
2000-07-24,131.03
2000-07-25,131.45
2000-07-26,130.18
2000-07-27,129.73
2000-07-28,126.8
2000-07-31,127.61
2000-08-01,128.39
2000-08-02,129.03
2000-08-03,129.92
2000-08-04,130.62
2000-08-07,132.19
2000-08-08,132.69
2000-08-09,131.57
2000-08-10,130.93
2000-08-11,131.54
2000-08-14,133.21
2000-08-15,133.1
2000-08-16,132.63
2000-08-17,134.02
2000-08-18,133.58
2000-08-21,134.3
2000-08-22,134.08
2000-08-23,134.6
2000-08-24,135.02
2000-08-25,134.97
2000-08-28,135.43
2000-08-29,135.46
2000-08-30,134.16
2000-08-31,135.94
2000-09-01,136.09
2000-09-05,135.0
2000-09-06,133.46
2000-09-07,134.6
2000-09-08,133.68
2000-09-11,133.49
2000-09-12,132.52
2000-09-13,132.86
2000-09-14,133.53
2000-09-15,130.61
2000-09-18,129.41
2000-09-19,130.59
2000-09-20,129.62
2000-09-21,127.65
2000-09-22,129.97
2000-09-25,129.05
2000-09-26,127.4
2000-09-27,128.07
2000-09-28,129.72
2000-09-29,128.49
2000-10-02,128.68
2000-10-03,127.48
2000-10-04,128.55
2000-10-05,128.99
2000-10-06,126.19
2000-10-09,125.24
2000-10-10,123.18
2000-10-11,122.14
2000-10-12,119.1
2000-10-13,123.06
2000-10-16,123.63
2000-10-17,120.55
2000-10-18,120.1
2000-10-19,124.63
2000-10-20,125.16
2000-10-23,125.72
2000-10-24,124.88
2000-10-25,121.94
2000-10-26,122.28
2000-10-27,124.6
2000-10-30,125.72
2000-10-31,127.88
2000-11-01,127.45
2000-11-02,127.66
2000-11-03,127.73
2000-11-06,128.63
2000-11-07,128.6
2000-11-08,125.75
2000-11-09,125.27
2000-11-10,122.23
2000-11-13,121.27
2000-11-14,124.47
2000-11-15,124.85
2000-11-16,122.9
2000-11-17,122.24
2000-11-20,120.49
2000-11-21,121.11
2000-11-22,118.21
2000-11-24,120.63
2000-11-27,121.69
2000-11-28,119.6
2000-11-29,119.38
2000-11-30,118.34
2000-12-01,118.28
2000-12-04,119.29
2000-12-05,123.2
2000-12-06,121.24
2000-12-07,119.57
2000-12-08,119.85
2000-12-11,124.02
2000-12-12,123.48
2000-12-13,121.79
2000-12-14,120.24
2000-12-15,117.48
2000-12-18,119.05
2000-12-19,116.63
2000-12-20,113.25
2000-12-21,114.03
2000-12-22,117.45
2000-12-26,118.71
2000-12-27,119.58
2000-12-28,119.95
2000-12-29,117.68
2001-01-02,115.54
2001-01-03,121.1
2001-01-04,119.8
2001-01-05,115.88
2001-01-08,116.78
2001-01-09,116.47
2001-01-10,118.52
2001-01-11,118.63
2001-01-12,118.4
2001-01-16,119.16
2001-01-17,119.71
2001-01-18,120.9
2001-01-19,120.22
2001-01-22,121.02
2001-01-23,121.97
2001-01-24,122.33
2001-01-25,122.02
2001-01-26,121.89
2001-01-29,122.53
2001-01-30,123.61
2001-01-31,122.91
2001-02-01,123.72
2001-02-02,120.92
2001-02-05,121.8
2001-02-06,121.45
2001-02-07,120.82
2001-02-08,119.41
2001-02-09,118.26
2001-02-12,119.62
2001-02-13,118.64
2001-02-14,118.46
2001-02-15,119.61
2001-02-16,116.97
2001-02-20,115.17
2001-02-21,112.68
2001-02-22,112.85
2001-02-23,112.09
2001-02-26,114.48
2001-02-27,113.42
2001-02-28,111.18
2001-03-01,111.77
2001-03-02,110.88
2001-03-05,111.89
2001-03-06,113.09
2001-03-07,113.9
2001-03-08,114.03
2001-03-09,110.65
2001-03-12,105.92
2001-03-13,107.66
2001-03-14,105.53
2001-03-15,105.56
2001-03-16,103.44
2001-03-19,105.55
2001-03-20,102.71
2001-03-21,100.97
2001-03-22,99.94
2001-03-23,102.97
2001-03-26,104.28
2001-03-27,106.41
2001-03-28,103.47
2001-03-29,103.87
2001-03-30,104.95
2001-04-02,102.71
2001-04-03,99.29
2001-04-04,99.7
2001-04-05,103.48
2001-04-06,101.9
2001-04-09,103.04
2001-04-10,104.92
2001-04-11,104.99
2001-04-12,106.9
2001-04-16,105.77
2001-04-17,107.26
2001-04-18,111.53
2001-04-19,113.01
2001-04-20,111.98
2001-04-23,109.95
2001-04-24,109.35
2001-04-25,110.78
2001-04-26,111.28
2001-04-27,113.13
2001-04-30,113.92
2001-05-01,114.27
2001-05-02,114.06
2001-05-03,112.62
2001-05-04,114.53
2001-05-07,113.54
2001-05-08,113.49
2001-05-09,113.01
2001-05-10,113.34
2001-05-11,112.56
2001-05-14,112.79
2001-05-15,113.31
2001-05-16,115.98
2001-05-17,116.16
2001-05-18,116.69
2001-05-21,118.41
2001-05-22,118.26
2001-05-23,116.25
2001-05-24,116.59
2001-05-25,115.22
2001-05-29,114.3
2001-05-30,112.7
2001-05-31,113.28
2001-06-01,113.98
2001-06-04,114.53
2001-06-05,115.85
2001-06-06,114.88
2001-06-07,115.3
2001-06-08,114.23
2001-06-11,113.42
2001-06-12,113.22
2001-06-13,112.25
2001-06-14,109.73
2001-06-15,109.91
2001-06-18,109.37
2001-06-19,109.85
2001-06-20,110.43
2001-06-21,111.68
2001-06-22,110.81
2001-06-25,109.79
2001-06-26,109.64
2001-06-27,109.57
2001-06-28,110.18
2001-06-29,110.58
2001-07-02,111.96
2001-07-03,111.94
2001-07-05,109.75
2001-07-06,107.38
2001-07-09,107.97
2001-07-10,106.67
2001-07-11,106.78
2001-07-12,109.31
2001-07-13,110.26
2001-07-16,108.88
2001-07-17,109.9
2001-07-18,109.15
2001-07-19,110.1
2001-07-20,109.45
2001-07-23,107.29
2001-07-24,106.25
2001-07-25,107.43
2001-07-26,108.55
2001-07-27,108.97
2001-07-30,109.0
2001-07-31,109.46
2001-08-01,110.14
2001-08-02,110.59
2001-08-03,109.99
2001-08-06,108.51
2001-08-07,108.93
2001-08-08,106.91
2001-08-09,107.23
2001-08-10,107.6
2001-08-13,107.62
2001-08-14,107.58
2001-08-15,106.65
2001-08-16,107.02
2001-08-17,105.31
2001-08-20,106.28
2001-08-21,104.47
2001-08-22,105.55
2001-08-23,105.17
2001-08-24,107.35
2001-08-27,106.71
2001-08-28,105.15
2001-08-29,104.21
2001-08-30,102.21
2001-08-31,102.96
2001-09-04,102.3
2001-09-05,102.55
2001-09-06,99.91
2001-09-07,98.06
2001-09-10,99.26
2001-09-17,94.08
2001-09-18,93.85
2001-09-19,91.96
2001-09-20,89.03
2001-09-21,88.07
2001-09-24,91.17
2001-09-25,92.12
2001-09-26,91.8
2001-09-27,92.59
2001-09-28,94.56
2001-10-01,94.4
2001-10-02,95.59
2001-10-03,97.19
2001-10-04,97.27
2001-10-05,97.08
2001-10-08,96.45
2001-10-09,95.93
2001-10-10,98.07
2001-10-11,99.59
2001-10-12,99.14
2001-10-15,98.96
2001-10-16,99.58
2001-10-17,97.46
2001-10-18,97.26
2001-10-19,97.19
2001-10-22,99.11
2001-10-23,98.6
2001-10-24,98.34
2001-10-25,100.11
2001-10-26,99.88
2001-10-29,97.28
2001-10-30,96.11
2001-10-31,95.79
2001-11-01,98.24
2001-11-02,98.91
2001-11-05,100.21
2001-11-06,101.76
2001-11-07,101.63
2001-11-08,101.94
2001-11-09,102.05
2001-11-12,101.43
2001-11-13,103.71
2001-11-14,103.81
2001-11-15,104.0
2001-11-16,103.54
2001-11-19,104.81
2001-11-20,103.94
2001-11-21,103.25
2001-11-23,104.73
2001-11-26,104.96
2001-11-27,104.51
2001-11-28,102.61
2001-11-29,104.0
2001-11-30,103.26
2001-12-03,102.64
2001-12-04,104.38
2001-12-05,106.29
2001-12-06,106.24
2001-12-07,105.53
2001-12-10,103.56
2001-12-11,103.35
2001-12-12,103.47
2001-12-13,101.46
2001-12-14,102.42
2001-12-17,103.48
2001-12-18,104.1
2001-12-19,104.83
2001-12-20,103.8
2001-12-21,104.07
2001-12-24,103.87
2001-12-26,104.44
2001-12-27,105.08
2001-12-28,105.02
2001-12-31,103.48
2002-01-02,104.6
2002-01-03,105.78
2002-01-04,106.49
2002-01-07,105.74
2002-01-08,105.49
2002-01-09,104.63
2002-01-10,105.1
2002-01-11,104.06
2002-01-14,103.41
2002-01-15,104.25
2002-01-16,102.14
2002-01-17,102.91
2002-01-18,102.44
2002-01-22,101.74
2002-01-23,102.52
2002-01-24,102.83
2002-01-25,102.81
2002-01-28,103.09
2002-01-29,99.84
2002-01-30,101.28
2002-01-31,102.47
2002-02-01,101.99
2002-02-04,99.46
2002-02-05,98.84
2002-02-06,98.41
2002-02-07,97.8
2002-02-08,99.67
2002-02-11,100.89
2002-02-12,100.58
2002-02-13,101.65
2002-02-14,101.46
2002-02-15,100.4
2002-02-19,98.47
2002-02-20,100.13
2002-02-21,98.05
2002-02-22,99.27
2002-02-25,100.9
2002-02-26,100.7
2002-02-27,101.08
2002-02-28,100.63
2002-03-01,102.98
2002-03-04,104.8
2002-03-05,104.46
2002-03-06,105.7
2002-03-07,105.48
2002-03-08,105.92
2002-03-11,106.15
2002-03-12,106.08
2002-03-13,105.06
2002-03-14,104.91
2002-03-15,105.91
2002-03-18,105.93
2002-03-19,106.64
2002-03-20,104.63
2002-03-21,104.68
2002-03-22,104.45
2002-03-25,103.15
2002-03-26,103.75
2002-03-27,104.03
2002-03-28,103.98
2002-04-01,104.03
2002-04-02,103.45
2002-04-03,102.73
2002-04-04,102.3
2002-04-05,102.32
2002-04-08,102.54
2002-04-09,101.82
2002-04-10,102.97
2002-04-11,100.41
2002-04-12,101.17
2002-04-15,100.39
2002-04-16,102.78
2002-04-17,102.56
2002-04-18,102.12
2002-04-19,102.49
2002-04-22,100.78
2002-04-23,100.35
2002-04-24,99.34
2002-04-25,99.4
2002-04-26,97.51
2002-04-29,97.03
2002-04-30,97.93
2002-05-01,99.13
2002-05-02,98.75
2002-05-03,97.68
2002-05-06,95.76
2002-05-07,95.43
2002-05-08,98.98
2002-05-09,97.83
2002-05-10,95.99
2002-05-13,97.94
2002-05-14,100.08
2002-05-15,99.69
2002-05-16,100.2
2002-05-17,100.69
2002-05-20,99.6
2002-05-21,98.7
2002-05-22,98.91
2002-05-23,99.97
2002-05-24,98.69
2002-05-28,98.15
2002-05-29,97.42
2002-05-30,97.15
2002-05-31,97.35
2002-06-03,94.76
2002-06-04,95.0
2002-06-05,95.89
2002-06-06,93.94
2002-06-07,93.83
2002-06-10,94.19
2002-06-11,92.58
2002-06-12,93.14
2002-06-13,92.2
2002-06-14,92.07
2002-06-17,94.54
2002-06-18,95.31
2002-06-19,93.08
2002-06-20,91.9
2002-06-21,90.46
2002-06-24,90.93
2002-06-25,88.89
2002-06-26,89.04
2002-06-27,90.6
2002-06-28,90.17
2002-07-01,88.41
2002-07-02,86.53
2002-07-03,87.02
2002-07-05,90.49
2002-07-08,89.36
2002-07-09,87.11
2002-07-10,83.93
2002-07-11,84.62
2002-07-12,83.69
2002-07-15,84.14
2002-07-16,82.51
2002-07-17,82.68
2002-07-18,80.0
2002-07-19,77.18
2002-07-22,74.9
2002-07-23,72.85
2002-07-24,77.19
2002-07-25,76.54
2002-07-26,77.99
2002-07-29,81.79
2002-07-30,82.86
2002-07-31,83.06
2002-08-01,80.89
2002-08-02,79.08
2002-08-05,76.33
2002-08-06,78.9
2002-08-07,80.27
2002-08-08,82.87
2002-08-09,83.18
2002-08-12,82.57
2002-08-13,81.06
2002-08-14,84.03
2002-08-15,85.19
2002-08-16,84.94
2002-08-19,86.92
2002-08-20,86.0
2002-08-21,87.24
2002-08-22,88.09
2002-08-23,86.19
2002-08-26,86.8
2002-08-27,85.79
2002-08-28,83.92
2002-08-29,83.95
2002-08-30,83.62
2002-09-03,80.44
2002-09-04,81.58
2002-09-05,80.89
2002-09-06,82.0
2002-09-09,82.6
2002-09-10,83.55
2002-09-11,83.03
2002-09-12,81.5
2002-09-13,81.7
2002-09-16,81.9
2002-09-17,80.03
2002-09-18,79.22
2002-09-19,77.17
2002-09-20,77.2
2002-09-23,76.57
2002-09-24,75.33
2002-09-25,77.2
2002-09-26,78.46
2002-09-27,75.74
2002-09-30,74.86
2002-10-01,78.45
2002-10-02,76.1
2002-10-03,75.33
2002-10-04,73.95
2002-10-07,72.42
2002-10-08,73.56
2002-10-09,71.48
2002-10-10,73.79
2002-10-11,77.03
2002-10-14,77.46
2002-10-15,81.18
2002-10-16,79.21
2002-10-17,80.79
2002-10-18,81.13
2002-10-21,82.53
2002-10-22,81.93
2002-10-23,82.55
2002-10-24,80.87
2002-10-25,82.55
2002-10-28,82.01
2002-10-29,81.06
2002-10-30,81.85
2002-10-31,81.02
2002-11-01,82.62
2002-11-04,83.4
2002-11-05,84.06
2002-11-06,85.15
2002-11-07,83.07
2002-11-08,82.05
2002-11-11,80.78
2002-11-12,81.42
2002-11-13,81.5
2002-11-14,83.04
2002-11-15,83.65
2002-11-18,82.81
2002-11-19,82.7
2002-11-20,84.54
2002-11-21,86.11
2002-11-22,85.5
2002-11-25,85.56
2002-11-26,83.93
2002-11-27,86.29
2002-11-29,86.01
2002-12-02,86.15
2002-12-03,85.0
2002-12-04,84.61
2002-12-05,83.68
2002-12-06,84.23
2002-12-09,81.91
2002-12-10,83.01
2002-12-11,83.08
2002-12-12,83.08
2002-12-13,81.77
2002-12-16,83.88
2002-12-17,83.15
2002-12-18,82.19
2002-12-19,81.6
2002-12-20,82.77
2002-12-23,82.79
2002-12-24,82.18
2002-12-26,82.21
2002-12-27,80.37
2002-12-30,81.04
2002-12-31,81.15
2003-01-02,83.76
2003-01-03,84.02
2003-01-06,85.5
2003-01-07,85.29
2003-01-08,84.05
2003-01-09,85.36
2003-01-10,85.59
2003-01-13,85.56
2003-01-14,85.84
2003-01-15,84.98
2003-01-16,84.63
2003-01-17,83.38
2003-01-21,82.09
2003-01-22,81.09
2003-01-23,81.59
2003-01-24,79.45
2003-01-27,78.36
2003-01-28,78.94
2003-01-29,79.54
2003-01-30,77.65
2003-01-31,79.15
2003-02-03,79.31
2003-02-04,78.53
2003-02-05,78.04
2003-02-06,77.67
2003-02-07,76.72
2003-02-10,77.27
2003-02-11,76.73
2003-02-12,75.51
2003-02-13,75.74
2003-02-14,77.39
2003-02-18,78.76
2003-02-19,78.34
2003-02-20,77.56
2003-02-21,78.34
2003-02-24,77.07
2003-02-25,77.69
2003-02-26,76.56
2003-02-27,77.57
2003-02-28,78.08
2003-03-03,77.34
2003-03-04,76.11
2003-03-05,76.75
2003-03-06,76.11
2003-03-07,76.63
2003-03-10,74.79
2003-03-11,74.06
2003-03-12,74.55
2003-03-13,77.13
2003-03-14,77.38
2003-03-17,79.81
2003-03-18,80.28
2003-03-19,80.9
2003-03-20,81.07
2003-03-21,82.8
2003-03-24,80.05
2003-03-25,80.82
2003-03-26,80.41
2003-03-27,80.48
2003-03-28,80.07
2003-03-31,78.25
2003-04-01,79.45
2003-04-02,81.37
2003-04-03,80.99
2003-04-04,81.47
2003-04-07,81.31
2003-04-08,81.44
2003-04-09,80.37
2003-04-10,80.81
2003-04-11,80.48
2003-04-14,82.14
2003-04-15,82.91
2003-04-16,81.49
2003-04-17,82.7
2003-04-21,82.79
2003-04-22,84.35
2003-04-23,85.12
2003-04-24,84.36
2003-04-25,83.32
2003-04-28,84.76
2003-04-29,85.06
2003-04-30,84.87
2003-05-01,84.86
2003-05-02,86.07
2003-05-05,85.91
2003-05-06,86.72
2003-05-07,86.24
2003-05-08,85.37
2003-05-09,86.55
2003-05-12,87.62
2003-05-13,87.46
2003-05-14,87.27
2003-05-15,87.83
2003-05-16,87.61
2003-05-19,85.56
2003-05-20,85.38
2003-05-21,85.56
2003-05-22,86.41
2003-05-23,86.58
2003-05-27,88.1
2003-05-28,88.34
2003-05-29,88.11
2003-05-30,89.53
2003-06-02,89.9
2003-06-03,90.27
2003-06-04,91.57
2003-06-05,92.02
2003-06-06,91.66
2003-06-09,90.73
2003-06-10,91.65
2003-06-11,92.62
2003-06-12,92.91
2003-06-13,91.94
2003-06-16,93.88
2003-06-17,93.88
2003-06-18,93.79
2003-06-19,92.36
2003-06-20,92.16
2003-06-23,91.21
2003-06-24,91.31
2003-06-25,90.39
2003-06-26,91.56
2003-06-27,90.51
2003-06-30,90.48
2003-07-01,91.31
2003-07-02,92.46
2003-07-03,91.51
2003-07-07,93.33
2003-07-08,93.74
2003-07-09,93.21
2003-07-10,92.03
2003-07-11,92.9
2003-07-14,93.35
2003-07-15,93.15
2003-07-16,92.6
2003-07-17,91.29
2003-07-18,92.22
2003-07-21,91.08
2003-07-22,91.91
2003-07-23,91.97
2003-07-24,91.28
2003-07-25,92.89
2003-07-28,92.55
2003-07-29,92.12
2003-07-30,91.9
2003-07-31,92.11
2003-08-01,91.3
2003-08-04,91.3
2003-08-05,89.36
2003-08-06,89.88
2003-08-07,90.82
2003-08-08,91.08
2003-08-11,91.43
2003-08-12,92.26
2003-08-13,91.79
2003-08-14,92.04
2003-08-15,92.32
2003-08-18,93.12
2003-08-19,93.47
2003-08-20,93.09
2003-08-21,93.39
2003-08-22,92.46
2003-08-25,92.61
2003-08-26,92.78
2003-08-27,92.81
2003-08-28,93.38
2003-08-29,94.01
2003-09-02,95.27
2003-09-03,95.79
2003-09-04,95.84
2003-09-05,95.3
2003-09-08,96.09
2003-09-09,95.46
2003-09-10,94.49
2003-09-11,94.77
2003-09-12,94.95
2003-09-15,94.61
2003-09-16,95.99
2003-09-17,95.81
2003-09-18,96.94
2003-09-19,96.45
2003-09-22,95.41
2003-09-23,95.77
2003-09-24,94.07
2003-09-25,93.29
2003-09-26,92.99
2003-09-29,93.9
2003-09-30,92.99
2003-10-01,94.97
2003-10-02,95.31
2003-10-03,96.19
2003-10-06,96.62
2003-10-07,97.0
2003-10-08,96.75
2003-10-09,97.01
2003-10-10,97.28
2003-10-13,97.59
2003-10-14,97.94
2003-10-15,97.68
2003-10-16,98.07
2003-10-17,97.0
2003-10-20,97.72
2003-10-21,97.55
2003-10-22,96.33
2003-10-23,96.15
2003-10-24,96.36
2003-10-27,96.41
2003-10-28,97.72
2003-10-29,97.85
2003-10-30,98.06
2003-10-31,97.96
2003-11-03,98.61
2003-11-04,98.39
2003-11-05,98.47
2003-11-06,98.99
2003-11-07,98.25
2003-11-10,97.85
2003-11-11,97.82
2003-11-12,98.92
2003-11-13,98.95
2003-11-14,98.11
2003-11-17,97.62
2003-11-18,96.61
2003-11-19,97.42
2003-11-20,96.55
2003-11-21,96.95
2003-11-24,98.23
2003-11-25,98.61
2003-11-26,98.96
2003-11-28,99.03
2003-12-01,100.1
2003-12-02,99.85
2003-12-03,99.69
2003-12-04,100.1
2003-12-05,99.41
2003-12-08,100.08
2003-12-09,99.3
2003-12-10,99.29
2003-12-11,100.41
2003-12-12,100.61
2003-12-15,100.1
2003-12-16,100.62
2003-12-17,100.94
2003-12-18,102.08
2003-12-19,101.79
2003-12-22,102.5
2003-12-23,102.57
2003-12-24,102.46
2003-12-26,102.54
2003-12-29,103.9
2003-12-30,103.92
2003-12-31,104.02
2004-01-02,103.97
2004-01-05,105.1
2004-01-06,105.2
2004-01-07,105.56
2004-01-08,105.98
2004-01-09,105.05
2004-01-12,105.83
2004-01-13,105.21
2004-01-14,106.09
2004-01-15,106.35
2004-01-16,106.77
2004-01-20,106.75
2004-01-21,107.59
2004-01-22,107.31
2004-01-23,106.96
2004-01-26,108.31
2004-01-27,107.19
2004-01-28,105.97
2004-01-29,106.07
2004-01-30,106.07
2004-02-02,106.53
2004-02-03,106.35
2004-02-04,105.48
2004-02-05,105.79
2004-02-06,106.98
2004-02-09,107.01
2004-02-10,107.35
2004-02-11,108.49
2004-02-12,108.1
2004-02-13,107.61
2004-02-17,108.59
2004-02-18,108.11
2004-02-19,107.71
2004-02-20,107.38
2004-02-23,107.11
2004-02-24,106.92
2004-02-25,107.37
2004-02-26,107.44
2004-02-27,107.51
2004-03-01,108.58
2004-03-02,107.94
2004-03-03,108.14
2004-03-04,108.42
2004-03-05,108.78
2004-03-08,107.46
2004-03-09,107.03
2004-03-10,105.23
2004-03-11,103.87
2004-03-12,105.23
2004-03-15,103.94
2004-03-16,104.49
2004-03-17,105.66
2004-03-18,105.69
2004-03-19,104.17
2004-03-22,102.85
2004-03-23,102.67
2004-03-24,102.76
2004-03-25,104.12
2004-03-26,104.15
2004-03-29,105.61
2004-03-30,105.97
2004-03-31,106.09
2004-04-01,106.73
2004-04-02,107.53
2004-04-05,108.12
2004-04-06,107.78
2004-04-07,107.52
2004-04-08,107.28
2004-04-12,107.7
2004-04-13,106.19
2004-04-14,106.36
2004-04-15,105.96
2004-04-16,106.77
2004-04-19,106.77
2004-04-20,104.98
2004-04-21,105.68
2004-04-22,107.17
2004-04-23,107.27
2004-04-26,107.12
2004-04-27,107.21
2004-04-28,105.83
2004-04-29,104.9
2004-04-30,104.08
2004-05-03,105.2
2004-05-04,105.11
2004-05-05,105.79
2004-05-06,104.88
2004-05-07,103.14
2004-05-10,102.08
2004-05-11,102.95
2004-05-12,103.6
2004-05-13,103.17
2004-05-14,103.22
2004-05-17,102.34
2004-05-18,102.85
2004-05-19,102.5
2004-05-20,102.82
2004-05-21,103.0
2004-05-24,103.43
2004-05-25,104.92
2004-05-26,105.28
2004-05-27,105.87
2004-05-28,105.86
2004-06-01,105.72
2004-06-02,106.12
2004-06-03,105.14
2004-06-04,105.98
2004-06-07,107.59
2004-06-08,107.74
2004-06-09,106.74
2004-06-10,107.26
2004-06-14,106.2
2004-06-15,106.95
2004-06-16,106.93
2004-06-17,106.77
2004-06-18,106.97
2004-06-21,106.57
2004-06-22,107.11
2004-06-23,108.03
2004-06-24,107.69
2004-06-25,107.17
2004-06-28,106.8
2004-06-29,107.25
2004-06-30,107.82
2004-07-01,106.32
2004-07-02,106.27
2004-07-06,105.34
2004-07-07,105.65
2004-07-08,104.91
2004-07-09,105.19
2004-07-12,105.23
2004-07-13,105.31
2004-07-14,104.99
2004-07-15,104.31
2004-07-16,104.23
2004-07-19,103.78
2004-07-20,105.1
2004-07-21,103.16
2004-07-22,103.44
2004-07-23,102.58
2004-07-26,102.38
2004-07-27,103.34
2004-07-28,103.65
2004-07-29,104.09
2004-07-30,104.35
2004-08-02,104.56
2004-08-03,103.75
2004-08-04,103.74
2004-08-05,102.05
2004-08-06,100.59
2004-08-09,100.73
2004-08-10,102.03
2004-08-11,101.82
2004-08-12,100.71
2004-08-13,100.91
2004-08-16,101.96
2004-08-17,102.53
2004-08-18,103.58
2004-08-19,103.28
2004-08-20,104.01
2004-08-23,103.74
2004-08-24,103.89
2004-08-25,104.59
2004-08-26,104.59
2004-08-27,104.92
2004-08-30,104.06
2004-08-31,104.6
2004-09-01,104.8
2004-09-02,105.99
2004-09-03,105.55
2004-09-07,106.25
2004-09-08,105.99
2004-09-09,105.89
2004-09-10,106.44
2004-09-13,106.79
2004-09-14,107.0
2004-09-15,106.19
2004-09-16,106.51
2004-09-17,106.97
2004-09-20,106.32
2004-09-21,106.79
2004-09-22,105.45
2004-09-23,104.89
2004-09-24,105.37
2004-09-27,104.7
2004-09-28,105.2
2004-09-29,105.73
2004-09-30,105.65
2004-10-01,107.44
2004-10-04,107.62
2004-10-05,107.67
2004-10-06,108.41
2004-10-07,107.25
2004-10-08,106.36
2004-10-11,106.8
2004-10-12,106.38
2004-10-13,105.44
2004-10-14,104.59
2004-10-15,105.18
2004-10-18,105.58
2004-10-19,104.69
2004-10-20,104.48
2004-10-21,105.16
2004-10-22,103.98
2004-10-25,103.86
2004-10-26,105.44
2004-10-27,106.71
2004-10-28,107.03
2004-10-29,107.01
2004-11-01,107.31
2004-11-02,107.34
2004-11-03,108.7
2004-11-04,110.18
2004-11-05,110.87
2004-11-08,110.71
2004-11-09,110.49
2004-11-10,110.58
2004-11-11,111.42
2004-11-12,112.3
2004-11-15,112.57
2004-11-16,111.77
2004-11-17,112.43
2004-11-18,112.58
2004-11-19,111.33
2004-11-22,111.86
2004-11-23,112.03
2004-11-24,112.3
2004-11-26,112.21
2004-11-29,111.7
2004-11-30,111.78
2004-12-01,113.05
2004-12-02,113.14
2004-12-03,113.07
2004-12-06,113.03
2004-12-07,111.98
2004-12-08,112.63
2004-12-09,113.03
2004-12-10,113.14
2004-12-13,114.13
2004-12-14,114.53
2004-12-15,114.61
2004-12-16,114.55
2004-12-17,113.78
2004-12-20,113.81
2004-12-21,114.69
2004-12-22,114.96
2004-12-23,115.05
2004-12-27,114.81
2004-12-28,115.44
2004-12-29,115.61
2004-12-30,115.39
2004-12-31,115.14
2005-01-03,114.6
2005-01-04,113.2
2005-01-05,112.42
2005-01-06,112.99
2005-01-07,112.83
2005-01-10,113.36
2005-01-11,112.58
2005-01-12,112.95
2005-01-13,112.05
2005-01-14,112.64
2005-01-18,113.81
2005-01-19,112.62
2005-01-20,111.93
2005-01-21,111.25
2005-01-24,111.03
2005-01-25,111.34
2005-01-26,111.68
2005-01-27,111.87
2005-01-28,111.87
2005-01-31,112.56
2005-02-01,113.28
2005-02-02,113.62
2005-02-03,113.32
2005-02-04,114.53
2005-02-07,114.38
2005-02-08,114.51
2005-02-09,113.66
2005-02-10,114.07
2005-02-11,115.05
2005-02-14,114.96
2005-02-15,115.39
2005-02-16,115.47
2005-02-17,114.53
2005-02-18,114.69
2005-02-22,112.98
2005-02-23,113.79
2005-02-24,114.54
2005-02-25,115.68
2005-02-28,114.91
2005-03-01,115.49
2005-03-02,115.43
2005-03-03,115.48
2005-03-04,116.92
2005-03-07,116.97
2005-03-08,116.53
2005-03-09,115.24
2005-03-10,115.5
2005-03-11,114.69
2005-03-14,115.4
2005-03-15,114.45
2005-03-16,113.48
2005-03-17,113.71
2005-03-18,113.37
2005-03-21,112.95
2005-03-22,111.8
2005-03-23,111.89
2005-03-24,112.03
2005-03-28,112.19
2005-03-29,111.45
2005-03-30,113.02
2005-03-31,112.81
2005-04-01,112.31
2005-04-04,112.5
2005-04-05,113.03
2005-04-06,113.42
2005-04-07,114.04
2005-04-08,112.85
2005-04-11,112.94
2005-04-12,113.52
2005-04-13,112.18
2005-04-14,110.72
2005-04-15,109.17
2005-04-18,109.5
2005-04-19,110.37
2005-04-20,108.83
2005-04-21,110.95
2005-04-22,110.53
2005-04-25,111.25
2005-04-26,110.17
2005-04-27,110.6
2005-04-28,109.22
2005-04-29,110.7
2005-05-02,111.32
2005-05-03,111.51
2005-05-04,112.37
2005-05-05,112.33
2005-05-06,111.98
2005-05-09,112.68
2005-05-10,111.51
2005-05-11,112.12
2005-05-12,110.89
2005-05-13,110.67
2005-05-16,111.7
2005-05-17,112.45
2005-05-18,113.61
2005-05-19,114.08
2005-05-20,113.92
2005-05-23,114.55
2005-05-24,114.29
2005-05-25,114.2
2005-05-26,114.81
2005-05-27,115.0
2005-05-31,114.27
2005-06-01,115.24
2005-06-02,115.49
2005-06-03,114.91
2005-06-06,114.8
2005-06-07,114.89
2005-06-08,114.68
2005-06-09,115.22
2005-06-10,114.96
2005-06-13,115.32
2005-06-14,115.59
2005-06-15,115.81
2005-06-16,116.1
2005-06-17,116.53
2005-06-20,116.57
2005-06-21,116.64
2005-06-22,116.73
2005-06-23,115.09
2005-06-24,114.25
2005-06-27,114.41
2005-06-28,115.37
2005-06-29,115.06
2005-06-30,114.44
2005-07-01,114.78
2005-07-05,115.7
2005-07-06,114.73
2005-07-07,115.18
2005-07-08,116.49
2005-07-11,117.09
2005-07-12,117.4
2005-07-13,117.56
2005-07-14,118.02
2005-07-15,117.95
2005-07-18,117.48
2005-07-19,118.13
2005-07-20,118.53
2005-07-21,117.84
2005-07-22,118.63
2005-07-25,118.29
2005-07-26,118.43
2005-07-27,118.87
2005-07-28,119.62
2005-07-29,118.82
2005-08-01,118.73
2005-08-02,119.44
2005-08-03,119.76
2005-08-04,118.8
2005-08-05,117.99
2005-08-08,117.77
2005-08-09,118.48
2005-08-10,118.42
2005-08-11,118.9
2005-08-12,118.17
2005-08-15,118.9
2005-08-16,117.35
2005-08-17,117.34
2005-08-18,117.33
2005-08-19,117.6
2005-08-22,117.6
2005-08-23,117.38
2005-08-24,116.33
2005-08-25,116.75
2005-08-26,115.96
2005-08-29,116.85
2005-08-30,116.24
2005-08-31,117.7
2005-09-01,117.62
2005-09-02,117.41
2005-09-06,118.78
2005-09-07,118.98
2005-09-08,118.59
2005-09-09,119.64
2005-09-12,119.4
2005-09-13,118.74
2005-09-14,118.31
2005-09-15,118.25
2005-09-16,119.09
2005-09-19,118.7
2005-09-20,117.69
2005-09-21,116.6
2005-09-22,117.01
2005-09-23,117.11
2005-09-26,117.24
2005-09-27,117.21
2005-09-28,117.33
2005-09-29,118.28
2005-09-30,118.65
2005-10-03,118.22
2005-10-04,116.89
2005-10-05,115.36
2005-10-06,114.95
2005-10-07,115.34
2005-10-10,114.37
2005-10-11,114.2
2005-10-12,113.31
2005-10-13,113.24
2005-10-14,114.43
2005-10-17,114.86
2005-10-18,113.62
2005-10-19,115.51
2005-10-20,113.47
2005-10-21,113.91
2005-10-24,115.68
2005-10-25,115.45
2005-10-26,115.11
2005-10-27,113.89
2005-10-28,115.52
2005-10-31,115.84
2005-11-01,116.19
2005-11-02,117.41
2005-11-03,117.91
2005-11-04,117.75
2005-11-07,117.87
2005-11-08,117.87
2005-11-09,118.02
2005-11-10,118.94
2005-11-11,119.34
2005-11-14,119.28
2005-11-15,118.84
2005-11-16,119.08
2005-11-17,120.19
2005-11-18,120.66
2005-11-21,121.27
2005-11-22,121.79
2005-11-23,122.5
2005-11-25,122.59
2005-11-28,121.73
2005-11-29,121.59
2005-11-30,120.93
2005-12-01,122.17
2005-12-02,122.32
2005-12-05,122.06
2005-12-06,122.29
2005-12-07,121.58
2005-12-08,121.5
2005-12-09,121.82
2005-12-12,121.94
2005-12-13,122.77
2005-12-14,123.25
2005-12-15,122.89
2005-12-16,122.5
2005-12-19,121.87
2005-12-20,121.98
2005-12-21,122.18
2005-12-22,122.82
2005-12-23,122.88
2005-12-27,121.63
2005-12-28,121.91
2005-12-29,121.36
2005-12-30,120.7
2006-01-03,122.83
2006-01-04,123.41
2006-01-05,123.49
2006-01-06,124.51
2006-01-09,124.83
2006-01-10,124.96
2006-01-11,125.36
2006-01-12,124.86
2006-01-13,124.75
2006-01-17,124.41
2006-01-18,123.91
2006-01-19,124.39
2006-01-20,122.12
2006-01-23,122.55
2006-01-24,122.68
2006-01-25,122.79
2006-01-26,123.47
2006-01-27,124.61
2006-01-30,124.51
2006-01-31,123.6
2006-02-01,124.46
2006-02-02,123.02
2006-02-03,122.41
2006-02-06,122.73
2006-02-07,121.64
2006-02-08,122.75
2006-02-09,122.54
2006-02-10,122.77
2006-02-13,122.54
2006-02-14,123.84
2006-02-15,124.28
2006-02-16,125.21
2006-02-17,124.87
2006-02-21,124.56
2006-02-22,125.32
2006-02-23,125.13
2006-02-24,125.45
2006-02-27,125.5
2006-02-28,124.31
2006-03-01,125.41
2006-03-02,125.4
2006-03-03,124.82
2006-03-06,124.25
2006-03-07,124.06
2006-03-08,124.32
2006-03-09,123.49
2006-03-10,124.66
2006-03-13,124.89
2006-03-14,126.2
2006-03-15,126.76
2006-03-16,127.02
2006-03-17,127.13
2006-03-20,126.93
2006-03-21,126.13
2006-03-22,126.9
2006-03-23,126.63
2006-03-24,126.73
2006-03-27,126.55
2006-03-28,125.77
2006-03-29,126.56
2006-03-30,126.33
2006-03-31,126.36
2006-04-03,126.26
2006-04-04,127.07
2006-04-05,127.51
2006-04-06,127.37
2006-04-07,126.08
2006-04-10,126.27
2006-04-11,125.2
2006-04-12,125.44
2006-04-13,125.27
2006-04-17,125.22
2006-04-18,127.21
2006-04-19,127.45
2006-04-20,127.63
2006-04-21,127.65
2006-04-24,127.41
2006-04-25,126.89
2006-04-26,126.92
2006-04-27,127.53
2006-04-28,127.96
2006-05-01,126.92
2006-05-02,127.87
2006-05-03,127.39
2006-05-04,127.85
2006-05-05,128.98
2006-05-08,128.82
2006-05-09,129.08
2006-05-10,129.01
2006-05-11,127.45
2006-05-12,125.79
2006-05-15,126.04
2006-05-16,125.85
2006-05-17,123.46
2006-05-18,122.84
2006-05-19,123.7
2006-05-22,122.76
2006-05-23,121.83
2006-05-24,122.8
2006-05-25,124.32
2006-05-26,124.95
2006-05-30,122.73
2006-05-31,124.1
2006-06-01,125.29
2006-06-02,125.55
2006-06-05,123.72
2006-06-06,123.42
2006-06-07,122.5
2006-06-08,122.39
2006-06-09,122.0
2006-06-12,120.68
2006-06-13,119.28
2006-06-14,120.2
2006-06-15,122.75
2006-06-16,121.86
2006-06-19,120.9
2006-06-20,121.31
2006-06-21,122.21
2006-06-22,121.67
2006-06-23,121.65
2006-06-26,122.19
2006-06-27,121.13
2006-06-28,121.95
2006-06-29,124.42
2006-06-30,124.43
2006-07-03,124.93
2006-07-05,124.22
2006-07-06,124.58
2006-07-07,123.77
2006-07-10,124.01
2006-07-11,124.55
2006-07-12,123.22
2006-07-13,121.22
2006-07-14,120.75
2006-07-17,120.57
2006-07-18,121.19
2006-07-19,122.87
2006-07-20,122.03
2006-07-21,121.17
2006-07-24,123.38
2006-07-25,123.82
2006-07-26,123.99
2006-07-27,123.87
2006-07-28,125.11
2006-07-31,124.98
2006-08-01,124.37
2006-08-02,125.21
2006-08-03,125.54
2006-08-04,125.33
2006-08-07,125.08
2006-08-08,124.55
2006-08-09,124.13
2006-08-10,124.51
2006-08-11,124.16
2006-08-14,124.26
2006-08-15,125.75
2006-08-16,126.79
2006-08-17,127.11
2006-08-18,127.76
2006-08-21,127.21
2006-08-22,127.2
2006-08-23,126.85
2006-08-24,126.74
2006-08-25,126.9
2006-08-28,127.51
2006-08-29,127.65
2006-08-30,127.73
2006-08-31,127.71
2006-09-01,128.47
2006-09-05,128.72
2006-09-06,127.58
2006-09-07,127.0
2006-09-08,127.36
2006-09-11,127.49
2006-09-12,128.74
2006-09-13,129.26
2006-09-14,129.27
2006-09-15,129.57
2006-09-18,129.75
2006-09-19,129.42
2006-09-20,130.11
2006-09-21,129.48
2006-09-22,129.09
2006-09-25,130.08
2006-09-26,131.16
2006-09-27,131.32
2006-09-28,131.27
2006-09-29,131.16
2006-10-02,130.67
2006-10-03,130.94
2006-10-04,132.48
2006-10-05,132.73
2006-10-06,132.56
2006-10-09,132.64
2006-10-10,132.82
2006-10-11,132.66
2006-10-12,133.81
2006-10-13,134.15
2006-10-16,134.36
2006-10-17,133.94
2006-10-18,134.12
2006-10-19,134.33
2006-10-20,134.36
2006-10-23,134.98
2006-10-24,135.38
2006-10-25,135.84
2006-10-26,136.27
2006-10-27,135.41
2006-10-30,135.31
2006-10-31,135.29
2006-11-01,134.38
2006-11-02,134.3
2006-11-03,134.07
2006-11-06,135.58
2006-11-07,136.1
2006-11-08,136.39
2006-11-09,135.68
2006-11-10,135.74
2006-11-13,136.07
2006-11-14,137.09
2006-11-15,137.48
2006-11-16,137.84
2006-11-17,137.88
2006-11-20,137.95
2006-11-21,138.09
2006-11-22,138.37
2006-11-24,137.81
2006-11-27,135.91
2006-11-28,136.5
2006-11-29,137.92
2006-11-30,137.98
2006-12-01,137.68
2006-12-04,138.73
2006-12-05,139.33
2006-12-06,139.21
2006-12-07,138.6
2006-12-08,138.86
2006-12-11,139.26
2006-12-12,139.15
2006-12-13,139.3
2006-12-14,140.53
2006-12-15,139.76
2006-12-18,139.38
2006-12-19,139.64
2006-12-20,139.56
2006-12-21,139.05
2006-12-22,138.2
2006-12-26,139.01
2006-12-27,139.93
2006-12-28,139.63
2006-12-29,139.05
2007-01-03,138.81
2007-01-04,139.1
2007-01-05,137.99
2007-01-08,138.63
2007-01-09,138.51
2007-01-10,138.98
2007-01-11,139.58
2007-01-12,140.64
2007-01-16,140.37
2007-01-17,140.43
2007-01-18,139.96
2007-01-19,140.23
2007-01-22,139.8
2007-01-23,140.21
2007-01-24,141.34
2007-01-25,139.68
2007-01-26,139.55
2007-01-29,139.48
2007-01-30,140.2
2007-01-31,141.15
2007-02-01,141.99
2007-02-02,142.19
2007-02-05,142.23
2007-02-06,142.26
2007-02-07,142.58
2007-02-08,142.39
2007-02-09,141.33
2007-02-12,140.85
2007-02-13,142.04
2007-02-14,142.97
2007-02-15,143.16
2007-02-16,143.09
2007-02-20,143.39
2007-02-21,143.33
2007-02-22,143.23
2007-02-23,142.67
2007-02-26,142.54
2007-02-27,136.97
2007-02-28,138.38
2007-03-01,137.96
2007-03-02,136.16
2007-03-05,134.86
2007-03-06,137.17
2007-03-07,137.03
2007-03-08,138.19
2007-03-09,138.23
2007-03-12,138.44
2007-03-13,135.75
2007-03-14,136.76
2007-03-15,136.94
2007-03-16,136.56
2007-03-19,138.21
2007-03-20,138.96
2007-03-21,141.25
2007-03-22,141.14
2007-03-23,141.35
2007-03-26,141.16
2007-03-27,140.83
2007-03-28,139.8
2007-03-29,139.95
2007-03-30,139.98
2007-04-02,140.14
2007-04-03,141.65
2007-04-04,141.8
2007-04-05,142.19
2007-04-09,142.39
2007-04-10,142.55
2007-04-11,141.97
2007-04-12,142.6
2007-04-13,143.25
2007-04-16,144.61
2007-04-17,145.0
2007-04-18,145.18
2007-04-19,145.14
2007-04-20,146.51
2007-04-23,145.95
2007-04-24,146.01
2007-04-25,147.35
2007-04-26,147.52
2007-04-27,147.4
2007-04-30,146.18
2007-05-01,146.56
2007-05-02,147.41
2007-05-03,148.21
2007-05-04,148.77
2007-05-07,148.8
2007-05-08,148.61
2007-05-09,149.01
2007-05-10,147.45
2007-05-11,148.71
2007-05-14,148.39
2007-05-15,148.43
2007-05-16,149.44
2007-05-17,149.15
2007-05-18,150.45
2007-05-21,150.44
2007-05-22,150.25
2007-05-23,150.27
2007-05-24,148.91
2007-05-25,149.53
2007-05-29,150.07
2007-05-30,151.3
2007-05-31,151.14
2007-06-01,151.89
2007-06-04,151.91
2007-06-05,151.31
2007-06-06,149.68
2007-06-07,146.98
2007-06-08,148.89
2007-06-11,149.15
2007-06-12,147.52
2007-06-13,149.73
2007-06-14,150.69
2007-06-15,151.54
2007-06-18,151.36
2007-06-19,151.74
2007-06-20,149.63
2007-06-21,150.46
2007-06-22,149.05
2007-06-25,148.34
2007-06-26,146.81
2007-06-27,148.9
2007-06-28,148.88
2007-06-29,148.93
2007-07-02,150.28
2007-07-03,150.82
2007-07-05,150.66
2007-07-06,151.45
2007-07-09,151.57
2007-07-10,149.41
2007-07-11,150.47
2007-07-12,152.85
2007-07-13,153.31
2007-07-16,153.29
2007-07-17,153.21
2007-07-18,152.93
2007-07-19,153.52
2007-07-20,151.97
2007-07-23,152.43
2007-07-24,149.79
2007-07-25,150.1
2007-07-26,146.54
2007-07-27,143.66
2007-07-30,145.91
2007-07-31,144.27
2007-08-01,144.97
2007-08-02,146.13
2007-08-03,142.37
2007-08-06,144.75
2007-08-07,146.3
2007-08-08,148.34
2007-08-09,143.94
2007-08-10,143.27
2007-08-13,143.78
2007-08-14,141.58
2007-08-15,139.63
2007-08-16,140.68
2007-08-17,143.27
2007-08-20,143.2
2007-08-21,143.48
2007-08-22,145.19
2007-08-23,145.06
2007-08-24,146.85
2007-08-27,145.48
2007-08-28,142.29
2007-08-29,145.08
2007-08-30,144.69
2007-08-31,146.12
2007-09-04,147.59
2007-09-05,146.32
2007-09-06,146.65
2007-09-07,144.61
2007-09-10,144.34
2007-09-11,146.02
2007-09-12,146.39
2007-09-13,147.42
2007-09-14,147.41
2007-09-17,146.62
2007-09-18,150.94
2007-09-19,151.83
2007-09-20,150.76
2007-09-21,151.17
2007-09-24,150.89
2007-09-25,150.59
2007-09-26,151.39
2007-09-27,152.28
2007-09-28,151.77
2007-10-01,153.49
2007-10-02,153.28
2007-10-03,152.97
2007-10-04,153.21
2007-10-05,155.03
2007-10-08,154.2
2007-10-09,155.65
2007-10-10,155.4
2007-10-11,154.65
2007-10-12,155.5
2007-10-15,154.19
2007-10-16,152.97
2007-10-17,153.44
2007-10-18,152.88
2007-10-19,148.88
2007-10-22,149.75
2007-10-23,150.96
2007-10-24,150.68
2007-10-25,151.04
2007-10-26,152.81
2007-10-29,153.32
2007-10-30,152.25
2007-10-31,153.83
2007-11-01,150.23
2007-11-02,150.4
2007-11-05,149.26
2007-11-06,151.27
2007-11-07,147.13
2007-11-08,146.38
2007-11-09,144.37
2007-11-12,142.94
2007-11-13,147.3
2007-11-14,146.89
2007-11-15,144.77
2007-11-16,145.02
2007-11-19,143.0
2007-11-20,143.88
2007-11-21,140.93
2007-11-23,143.37
2007-11-26,140.21
2007-11-27,141.82
2007-11-28,146.35
2007-11-29,146.4
2007-11-30,147.88
2007-12-03,146.9
2007-12-04,145.59
2007-12-05,148.02
2007-12-06,150.14
2007-12-07,150.11
2007-12-10,151.28
2007-12-11,147.13
2007-12-12,148.58
2007-12-13,148.27
2007-12-14,146.39
2007-12-17,144.3
2007-12-18,145.11
2007-12-19,145.11
2007-12-20,146.03
2007-12-21,148.13
2007-12-24,149.23
2007-12-26,149.55
2007-12-27,147.67
2007-12-28,147.3
